adm4_pcode,adm3_name,adm4_name,population_2020
MMR013003001,Hmawbi,Tat Gyi Kone,14818.590277194977
MMR013003002,Hmawbi,Hla Pa Dar,4648.077059984207
MMR013003003,Hmawbi,Min,4654.260695338249
MMR013003004,Hmawbi,Pet Tan,3560.9583710432053
MMR013003005,Hmawbi,Shwe Hlay Gyi,520.5366950035095
MMR013003006,Hmawbi,Pa Thi,1427.9997063875198
MMR013003007,Hmawbi,Chaung Wa,1608.3610916137695
MMR013003008,Hmawbi,Hmaw Bi Chaung Wa,2108.6003000736237
MMR013003009,Hmawbi,Hnaw Kone,3680.9672939777374
MMR013003010,Hmawbi,Bant Bway Kone,6105.346125125885
MMR013003011,Hmawbi,Hle Ngoke Chaung,20179.82586812973
MMR013003012,Hmawbi,Hpu Gyi,15378.63969874382
MMR013003013,Hmawbi,Let Pan Tan Su,10823.45849686861
MMR013003014,Hmawbi,War Pa Taw,4895.897790551186
MMR013003015,Hmawbi,War Net Chaung Bu Tar,8325.039285182953
MMR013003016,Hmawbi,Auk War Net Chaung,11698.577612042427
MMR013003018,Hmawbi,Ku Lar Kone (U Htun Hla Ah Su),9559.594440460205
MMR013003019,Hmawbi,Myo Chaung,3243.96589076519
MMR013003020,Hmawbi,Kan Ka Lay (M),6540.422708272934
MMR013003021,Hmawbi,Myaung Ta Kar,18590.647381663322
MMR013003022,Hmawbi,Nyaung Kone,4401.987287044525
MMR013003023,Hmawbi,Myit Kyoe,3927.451558828354
MMR013003024,Hmawbi,Shwe Mya Yar Kone,11974.960305690765
MMR013003025,Hmawbi,Pauk Kone,2713.168529510498
MMR013003026,Hmawbi,Than Day Pin,14105.873046875
MMR013003028,Hmawbi,Boe Daw Na Kone,10248.312767863274
MMR013003029,Hmawbi,Nyaung Hnit Pin,9493.1237783432
MMR013003030,Hmawbi,Yoe Gyi,1659.2428259849548
MMR013003031,Hmawbi,Moe Kyoe Pyit,2563.1458798646927
MMR013003032,Hmawbi,Yae Paw Theit,9148.012282252312
MMR013003033,Hmawbi,Yin Taik Pin,3049.6069498062134
MMR013003034,Hmawbi,Thar Yar Kone,2799.4897224903107
MMR013003035,Hmawbi,Thea Kone,3214.5070610046387
MMR013003036,Hmawbi,Leik Poke Taw Ywar Gyi,11529.433434963226
MMR013003037,Hmawbi,Ah Hta Yu,8701.083636522293
MMR013003038,Hmawbi,In Hlyat,4372.027277946472
MMR013003039,Hmawbi,Sat Thwar Taw,20929.843145608902
MMR013003701,Hmawbi,Urban,25740.284470319748
MMR013023001,Thanlyin,Win Kha Nee,4170.641679644585
MMR013023002,Thanlyin,Hpar Ku (East),4066.1130009889603
MMR013023003,Thanlyin,Hpar Ku (West),3803.702115178108
MMR013023004,Thanlyin,Day Zat,8167.617745280266
MMR013023005,Thanlyin,Yone Tha Pyay Kan,5522.122419953346
MMR013023006,Thanlyin,Min Ga Lun,4852.199726104736
MMR013023007,Thanlyin,Baw Tha Pyay Kan,6706.587297916412
MMR013023008,Thanlyin,Kayin Seik,4981.400160193443
MMR013023009,Thanlyin,Tha Pyay Kone,2388.244408607483
MMR013023010,Thanlyin,Bagan Taung,5423.287704229355
MMR013023011,Thanlyin,Ah Lun Soke,24956.17050886154
MMR013023012,Thanlyin,Kyaung Kone Seik Gyi (a) Gya Mar,24646.549745082855
MMR013023013,Thanlyin,Let Yet San,14459.320679426193
MMR013023014,Thanlyin,Thu Htay Kwin,5179.2167382240295
MMR013023015,Thanlyin,Sit Pin Kwin,6854.9646137952805
MMR013023016,Thanlyin,Ba Yet,4918.827582120895
MMR013023017,Thanlyin,Nga Byay Ma,8052.055376529694
MMR013023018,Thanlyin,Nga/Pa,5603.388320922852
MMR013023019,Thanlyin,Tha Nat Pin,3921.407917022705
MMR013023020,Thanlyin,Bo Gyoke,19799.493710041046
MMR013023021,Thanlyin,Nyaung Thone Pin,16054.115273952484
MMR013023022,Thanlyin,Hpa Yar Kone,44031.20804524422
MMR013023023,Thanlyin,La Har Yet,8507.281002044678
MMR013023024,Thanlyin,Ka Dat Hpyar,4175.342524290085
MMR013023025,Thanlyin,Nyaung Lay Pin,5310.395390510559
MMR013023026,Thanlyin,Ku Lar Wea,9222.50358581543
MMR013023027,Thanlyin,Say Lone Gyi,1826.3091118335724
MMR013023028,Thanlyin,Chaung Sauk,1253.198995232582
MMR013023701,Thanlyin,Urban,68808.91952371597
MMR013024001,Kyauktan,Kan Pyaung,3658.050160765648
MMR013024002,Kyauktan,Pi La Khat,1821.1230014562607
MMR013024003,Kyauktan,Kyon Kan,2645.5842809677124
MMR013024004,Kyauktan,Wea Gyi,2132.367172598839
MMR013024005,Kyauktan,Ywar Thit Gyi,1290.4193089008331
MMR013024006,Kyauktan,Kyan Pin,1885.8464361429214
MMR013024007,Kyauktan,Thaung Gyi,4428.5421776771545
MMR013024008,Kyauktan,Kayin Chaung,3039.6306057572365
MMR013024009,Kyauktan,Zwe Ka Nar,3558.7110980153084
MMR013024010,Kyauktan,Ah Se,5232.109669804573
MMR013024011,Kyauktan,Min Ga Lun,4129.841239929199
MMR013024012,Kyauktan,Na Ywe Chaung,2155.3281876444817
MMR013024013,Kyauktan,Sit Ta Pin,1115.2968648672104
MMR013024014,Kyauktan,Mya Kaing,2795.4342260956764
MMR013024015,Kyauktan,Boe Ba,2478.807810485363
MMR013024019,Kyauktan,Tha Nat Pin Chin,2858.5929275751114
MMR013024020,Kyauktan,Baw Ga Lut,2375.7594343423843
MMR013024021,Kyauktan,Chaung Wa,2977.659231901169
MMR013024022,Kyauktan,Kwa Hnee,3509.0551419258118
MMR013024023,Kyauktan,Zwe Bar Kone Tan,2577.7837149500847
MMR013024024,Kyauktan,Nyaung Waing,8085.940443396568
MMR013024025,Kyauktan,Yae Kyaw,3609.0091279149055
MMR013024026,Kyauktan,Kyar Kan,1418.8696312308311
MMR013024027,Kyauktan,Par Da Gyi,3565.3739178180695
MMR013024028,Kyauktan,U Yin,2284.1342841386795
MMR013024029,Kyauktan,Shwe Pyauk,32946.78794300556
MMR013024030,Kyauktan,Pan Taw,7723.665385127068
MMR013024031,Kyauktan,Ywar Thit Ka Lay,5096.624814867973
MMR013024032,Kyauktan,Mee Pya,5424.770927906036
MMR013024033,Kyauktan,Ka Mar Ka Loke,5371.550013780594
MMR013024034,Kyauktan,Kha Naung,5185.908272624016
MMR013024035,Kyauktan,Sin Ma Kaw,1770.3828302621841
MMR013024036,Kyauktan,Pan Chaung,1436.4912345409393
MMR013024037,Kyauktan,Tar Pat,1921.4556761980057
MMR013024038,Kyauktan,Ka Dat Pa Na,2276.146033525467
MMR013024039,Kyauktan,Win Gyi,3772.2360828518867
MMR013024040,Kyauktan,Sit Tan,2461.5975289940834
MMR013024041,Kyauktan,Poke Ta Loke,2718.890847980976
MMR013024042,Kyauktan,Ma Yan Bay,2732.3870149850845
MMR013024043,Kyauktan,Shan Chaung,2274.198582023382
MMR013024044,Kyauktan,Tu Myaung,2280.0555495023727
MMR013024045,Kyauktan,Ta Man Gyi Kone,3190.212604522705
MMR013024046,Kyauktan,Aung Chan Thar,2341.058660596609
MMR013024047,Kyauktan,Ku Lar Tan,2947.172337770462
MMR013024049,Kyauktan,Zee Hpyu Pin,1191.9829800128937
MMR013024701,Kyauktan,Urban,20122.385135889053
MMR013024702,Kyauktan,Urban,11366.645727276802
MMR013001701,Insein,Urban,380746.2488117218
MMR013002001,Mingaladon,Nwe Khway,16468.59024810791
MMR013002002,Mingaladon,Kone Ta La Paung,10385.834555625916
MMR013002003,Mingaladon,Shwe Nant Thar,42888.329592227936
MMR013002004,Mingaladon,Pyin Ma Pin,37424.3054151535
MMR013002005,Mingaladon,Thin Gan Kyun Gyi,40069.89925575256
MMR013002701,Mingaladon,Urban,19121.998517513275
MMR013002702,Mingaladon,Urban,86962.92659306526
MMR013007001,Shwepyithar,Oke Hpo,33141.328764915466
MMR013007002,Shwepyithar,Zee Kone,20129.42375946045
MMR013007003,Shwepyithar,Kyaung Kone,16246.053363084793
MMR013007004,Shwepyithar,Hlaw Kar,19049.749890327454
MMR013007701,Shwepyithar,Urban,330207.52746629715
MMR013009701,Thingangyun,Urban,261704.23359298706
MMR013010701,Yankin,Urban,90986.3154296875
MMR013011701,South Okkalapa,Urban,184458.95510101318
MMR013012701,North Okkalapa,Urban,409689.28976488113
MMR013013701,Thaketa,Urban,268346.30924606323
MMR013014701,Dawbon,Urban,88248.31468200684
MMR013015701,Tamwe,Urban,196897.22690582275
MMR013016701,Pazundaung,Urban,60079.02268218994
MMR013017701,Botahtaung,Urban,51358.978723526
MMR013018701,Dagon Myothit (South),Urban,458471.1501914263
MMR013019701,Dagon Myothit (North),Urban,249781.11652183533
MMR013020001,Dagon Myothit (East),Shan Te Gyi (East),3926.7386803627014
MMR013020002,Dagon Myothit (East),Ma Lit (East),5409.27395260334
MMR013020003,Dagon Myothit (East),Lay Daunt Kan (East),1959.152185201645
MMR013020701,Dagon Myothit (East),Urban,191465.10406780243
MMR013021701,Dagon Myothit (Seikkan),Urban,209398.80838489532
MMR013021800,Dagon Myothit (Seikkan),,443.0936622619629
MMR013022701,Mingalartaungnyunt,Urban,162757.9174041748
MMR013030001,Dala,Rakhine Chaung (South),2792.73135972023
MMR013030002,Dala,Rakhine Chaung (North),2815.216700077057
MMR013030003,Dala,Da Noke San Pya,9240.906937122345
MMR013030004,Dala,Nyaung Chaung,7792.050709962845
MMR013030005,Dala,Tone Tin Gan (South),6374.033004999161
MMR013030006,Dala,Tone Tin Gan (North),5540.009498119354
MMR013030007,Dala,Boe Hpyu Chaung,2863.419256210327
MMR013030008,Dala,Kha Naung (Ywar Ma),5314.17217206955
MMR013030009,Dala,Kha Naung (Upper),3133.389264345169
MMR013030010,Dala,Kha Naung (Shan Su),3663.2884373664856
MMR013030011,Dala,Ta Dar Chaung,11766.183658123016
MMR013030012,Dala,Ye Chaung,5286.749231100082
MMR013030013,Dala,Tha Pyay Kone,16218.862109184265
MMR013030014,Dala,Nyaung Ngoke To,9077.41899061203
MMR013030015,Dala,Htaw (Lower),3348.8663363456726
MMR013030016,Dala,Ye Chaung Wa,3971.5391557216644
MMR013030017,Dala,Pyawbwe Gyi,4979.798761606216
MMR013030018,Dala,Shwe Hlay Chaung,6634.740484714508
MMR013030019,Dala,Nyaung Pin,2908.8391926288605
MMR013030020,Dala,Kywe Lu Aing,2559.7075406312943
MMR013030021,Dala,Than Ban Chaung,3708.3421436548233
MMR013030022,Dala,Htu Gyi,15025.640870571136
MMR013030023,Dala,Tha Yaw Tan,3199.506484270096
MMR013030701,Dala,Urban,72262.45491790771
MMR013031701,Seikgyikanaungto,Urban,41585.47145652771
MMR013033701,Kyauktada,Urban,40514.22868728638
MMR013034701,Pabedan,Urban,33605.208267211914
MMR013035701,Lanmadaw,Urban,59958.0062417984
MMR013036701,Latha,Urban,34714.665451049805
MMR013037701,Ahlone,Urban,64355.95393753052
MMR013038701,Kyeemyindaing,Urban,143883.7867217064
MMR013039701,Sanchaung,Urban,121193.60218811035
MMR013040701,Hlaing,Urban,195193.75979995728
MMR013041701,Kamaryut,Urban,103161.45930862427
MMR013042701,Mingaladon,Urban,179535.27308034897
MMR013042701,Mayangone,Urban,237713.24954223633
MMR013043701,Dagon,Urban,31955.389070510864
MMR013044701,Bahan,Urban,119901.92094802856
MMR013046001,Hlaingtharya (East),Shwe Lin Ban,41930.93437576294
MMR013046002,Hlaingtharya (East),Ka Sin,17317.939235687256
MMR013046003,Hlaingtharya (East),Shan Chaung,5193.386100769043
MMR013046004,Hlaingtharya (East),Yae Oke Kan,88879.34617233276
MMR013046005,Hlaingtharya (East),Nyaung,115215.51576042175
MMR013046701,Hlaingtharya (East),Urban,225141.01750183105
MMR013047001,Hlaingtharya (West),Ah Lel,72086.74953079224
MMR013047002,Hlaingtharya (West),Ku Lar Gyi Su,34640.004613399506
MMR013047003,Hlaingtharya (West),Ah Twin Pa Dan,41913.47376155853
MMR013047004,Hlaingtharya (West),Ah Pyin Pa Dan,18150.54327392578
MMR013047701,Hlaingtharya (West),Urban,158679.8282880783
