candidate_id,adm3_name,adm4_name,lat,lon,is_rural,nearest_tower_km,gap_score,earthquake_raw,cyclone_raw,earthquake_score,cyclone_score,flood_score,hazard_score,safety_score,baseline_suitability,adm4_pcode,population_2020,population_score,nearest_tower_id,nearest_tower_lat,nearest_tower_lon,nearest_tower_township,nearest_tower_networks,nearest_tower_radios,nearest_tower_cell_count,nearest_tower_recheck_km,elevation_m,elevation_score
0,Hmawbi,Tat Gyi Kone,17.099261363575067,96.06638221797552,1,0.7738137041227817,0.0309525481649112,157.1505029203812,0.0591897947792879,0.8840780964166377,0.1646738162437438,0.0,0.7761674543907037,0.2238325456092963,30.21464107403412,MMR013003001,14818.590277194977,0.736725954989656,3003,17.10604,96.064735,Hmawbi,Ooredoo,UMTS,1,0.7738137041225078,26.0,0.6756756756756757
1,Hmawbi,Hla Pa Dar,17.089827014388444,96.00656529281645,1,1.6464996669973813,0.0658599866798952,158.21661655974472,0.0587000876633678,0.9135342279515374,0.1453893353149191,0.0,0.7983124940560447,0.2016875059439553,31.976911789953043,MMR013003002,4648.077059984207,0.6477943846143994,2968,17.078693,95.996353,Hmawbi,Telenor,"GSM, UMTS",32,1.6464996669977603,5.0,0.10810810810810811
2,Hmawbi,Min,17.084235950777696,95.98213787445948,1,1.631804101403409,0.0652721640561363,158.53078717485013,0.0585365965887889,0.9222145886760004,0.1389511186600006,0.0,0.8047250681736003,0.1952749318263996,31.84545382076418,MMR013003003,4654.260695338249,0.6478963506681301,2968,17.078693,95.996353,Hmawbi,Telenor,"GSM, UMTS",32,1.6318041014036837,5.0,0.10810810810810811
3,Hmawbi,Pet Tan,17.051702566376758,95.99152277848026,1,1.646848048115667,0.0658739219246267,157.27201204694674,0.0593977530244238,0.8874353265304389,0.1728631332496459,0.0,0.78024949753832,0.21975050246168,32.248692852402804,MMR013003004,3560.9583710432053,0.6273613320475591,2964,17.063169,96.001328,Hmawbi,Telenor,LTE,1,1.6468480481151355,7.0,0.16216216216216217
4,Hmawbi,Shwe Hlay Gyi,17.036090552867687,95.98065773120145,1,3.727560912216963,0.1491024364886785,156.99349954128778,0.0596265987389294,0.879740179692525,0.1818749908958931,0.0,0.7750604013730302,0.2249395986269697,37.32024016872526,MMR013003005,520.5366950035095,0.479974325724636,2964,17.063169,96.001328,Hmawbi,Telenor,LTE,1,3.7275609122170574,3.0,0.05405405405405406
5,Hmawbi,Pa Thi,17.0422862561957,95.96276670694158,1,4.711297298755575,0.188451891950223,157.5358982948751,0.0592636963051717,0.8947263579385628,0.1675840303700815,0.0,0.7856550088032905,0.2143449911967094,39.52228838496402,MMR013003006,1427.9997063875198,0.5572968959736534,2964,17.063169,96.001328,Hmawbi,Telenor,LTE,1,4.711297298754941,8.0,0.1891891891891892
6,Hmawbi,Chaung Wa,17.079650627650203,95.96446004109252,1,3.391617952219056,0.1356647180887622,158.71780224183163,0.0584291454292827,0.9273817117749074,0.1347197326561741,0.0,0.8084824149070974,0.1915175850929026,36.01264686171927,MMR013003007,1608.3610916137695,0.5664151620538,2968,17.078693,95.996353,Hmawbi,Telenor,"GSM, UMTS",32,3.3916179522189878,4.0,0.08108108108108109
7,Hmawbi,Hmaw Bi Chaung Wa,17.065021011136587,95.95890599494156,1,4.2608871786927285,0.1704354871477091,158.3388978852649,0.0586954611504287,0.9169127934963276,0.145207144985966,0.0,0.8011569462197734,0.1988430537802266,38.20877503556594,MMR013003008,2108.600300073624,0.5871783104454811,2968,17.078693,95.996353,Hmawbi,Telenor,"GSM, UMTS",32,4.260887178694441,5.0,0.10810810810810811
8,Hmawbi,Hnaw Kone,17.106214556378703,95.97071793661742,1,4.097389494584338,0.1638955797833735,159.49826583824665,0.0579016708240813,0.9489454902553388,0.1139479822899721,0.0,0.8236958640605339,0.1763041359394661,37.47829682609441,MMR013003009,3680.9672939777374,0.6299033372397194,2968,17.078693,95.996353,Hmawbi,Telenor,"GSM, UMTS",32,4.09738949458417,7.0,0.16216216216216217
9,Hmawbi,Bant Bway Kone,17.110537271133605,96.0094742544625,1,0.5872452705694802,0.0234898108227792,158.8609585600713,0.0582606913630671,0.9313370418489484,0.1280860752685062,0.0,0.8108493968618821,0.1891506031381179,29.24664769643852,MMR013003010,6105.346125125885,0.6687108528855936,3017,17.114639282227,96.012954711914,Hmawbi,MPT,GSM,1,0.5872452705696687,8.0,0.1891891891891892
10,Hmawbi,Hle Ngoke Chaung,17.138622467913635,96.00338680755776,1,0.4257626267973463,0.0170305050718938,159.97487523352706,0.0575527749212662,0.962113944836344,0.1002085936528634,0.0,0.8328281421588218,0.1671718578411781,28.5294081719313,MMR013003011,20179.82586812973,0.7604135234606976,3027,17.135239,96.001511,Hmawbi,MPT,GSM,1,0.4257626267963672,15.0,0.3783783783783784
11,Hmawbi,Hpu Gyi,17.239482811187607,96.0031165031464,1,4.619399513491445,0.1847759805396578,163.76149197573926,0.0553148988634977,1.0,0.0120818812688171,0.0,0.8518122821903226,0.1481877178096774,38.309374599524624,MMR013003012,15378.63969874382,0.7395715783826506,3072,17.229995727539,95.96076965332,Hmawbi,MPT,GSM,1,4.619399513493045,18.0,0.4594594594594595
12,Hmawbi,Let Pan Tan Su,17.204179963720694,96.04735719586482,1,1.378525617414323,0.0551410246965729,161.34485634004778,0.0565809568493715,0.9999657668035536,0.0619387656996215,0.0,0.8592617166379637,0.1407382833620363,30.41953573222492,MMR013003013,10823.45849686861,0.7126273018900234,3063,17.192916870117,96.052780151367,Hmawbi,MPT,UMTS,1,1.3785256174140683,27.0,0.7027027027027027
13,Hmawbi,War Pa Taw,17.18576228306319,96.01884163233238,1,3.340471935033702,0.1336188774013481,161.3483963721225,0.0566726823411042,1.0,0.065550880856826,0.0,0.8598326321285239,0.1401673678714761,35.119643162153025,MMR013003014,4895.897790551186,0.6517783181538783,3036,17.169570922852,95.99235534668,Hmawbi,Ooredoo,UMTS,1,3.340471935033936,18.0,0.4594594594594595
14,Hmawbi,War Net Chaung Bu Tar,17.15341160829254,96.04300256195144,1,2.2982592003311986,0.0919303680132479,159.59863360560465,0.0576742676134772,0.951718596280815,0.1049929299015479,0.0,0.8247097463239249,0.1752902536760751,33.145175885936,MMR013003015,8325.039285182953,0.6924963314411957,3026,17.133865356445,96.050033569336,Hmawbi,MPT,UMTS,1,2.298259200331114,12.0,0.2972972972972973
15,Hmawbi,Auk War Net Chaung,17.1314145812115,96.05681193903818,1,0.6361407962858151,0.0254456318514326,158.48698971069746,0.0583350520811729,0.9210044889105132,0.1310143722107919,0.0,0.802505971405555,0.1974940285944449,29.48914834000263,MMR013003016,11698.577612042429,0.7185912899973642,3024,17.125731,96.057495,Hmawbi,Ooredoo,UMTS,1,0.6361407962858293,31.0,0.8108108108108109
16,Hmawbi,Ku Lar Kone (U Htun Hla Ah Su),17.166867108216426,95.99331453280148,1,0.2466854371176421,0.0098674174847056,161.2084827262556,0.0568041462595882,0.9961978391104508,0.0707278802232107,0.0,0.8573773452773649,0.1426226547226351,27.731384869921865,MMR013003018,9559.594440460203,0.7031027827308592,3032,17.165451049805,95.995101928711,Hmawbi,Ooredoo,UMTS,1,0.2466854371169382,16.0,0.40540540540540543
17,Hmawbi,Myo Chaung,17.122963608148265,95.95236920539526,1,5.397393970586836,0.2158957588234734,160.41643284174708,0.0573092638847671,0.974313937883736,0.090619221175597,0.0,0.8417597303775151,0.1582402696224849,40.32734957374568,MMR013003019,3243.96589076519,0.620211276274431,3027,17.135239,96.001511,Hmawbi,MPT,GSM,1,5.3973939705875855,5.0,0.10810810810810811
18,Hmawbi,Kan Ka Lay (M),17.150340185871094,95.97688416146131,1,1.6468559921564567,0.0658742396862582,160.93646500437097,0.0569837704057539,0.9886821395641616,0.0778014111327675,0.0,0.8520500302994525,0.1479499697005475,31.17170392668371,MMR013003020,6540.422708272934,0.6739906875727327,3031,17.160874,95.98778,Hmawbi,MPT,GSM,1,1.646855992158239,11.0,0.2702702702702703
19,Hmawbi,Myaung Ta Kar,17.187571788463476,95.96425673263842,1,0.6648624498369231,0.0265944979934769,162.55421130491354,0.0560165883002531,1.0,0.0397141457819501,0.0,0.8559571218672926,0.1440428781327074,28.756313051599225,MMR013003021,18590.64738166332,0.7541215092967882,3062,17.18879699707,95.97038269043,Hmawbi,MPT,GSM,1,0.6648624498367698,10.0,0.24324324324324326
20,Hmawbi,Nyaung Kone,17.203516911158413,95.95197659560228,1,1.111314533703115,0.0444525813481246,163.3831413833575,0.0555302446197338,1.0,0.0205621156665458,0.0,0.8530843173499818,0.1469156826500182,29.870890120637743,MMR013003022,4401.987287044525,0.6436223288593076,3065,17.201156616211,95.962142944336,Hmawbi,MPT,GSM,1,1.111314533703149,9.0,0.21621621621621623
21,Hmawbi,Myit Kyoe,17.210188811012173,95.91828066590028,1,4.673520454523187,0.1869408181809274,164.18137119322247,0.055008093445562,1.0,0.0,0.0,0.85,0.15,38.46644909085565,MMR013003023,3927.451558828354,0.6348741763434699,3068,17.213516235352,95.962142944336,Hmawbi,Ooredoo,UMTS,1,4.673520454523612,8.0,0.1891891891891892
22,Hmawbi,Shwe Mya Yar Kone,17.224002291403107,95.9591768665472,1,0.540872474027116,0.0216348989610846,164.04740577643196,0.0551666380190346,1.0,0.0062434253130217,0.0,0.8509365137969532,0.1490634862030467,28.53404623071078,MMR013003024,11974.960305690764,0.7203824231099821,3071,17.228622436523,95.96076965332,Hmawbi,MPT,GSM,1,0.5408724740277456,12.0,0.2972972972972973
23,Hmawbi,Pauk Kone,17.075588730714273,96.04606922325944,1,2.1753388444891515,0.087013553779566,156.84907279633035,0.0595005665472994,0.8757497484293407,0.176911890877754,0.0,0.7709240697966027,0.2290759302033973,33.65695217982492,MMR013003025,2713.168529510498,0.6065089202899899,2975,17.091293334961,96.05827331543,Hmawbi,MPT,UMTS,1,2.175338844489143,8.0,0.1891891891891892
24,Hmawbi,Than Day Pin,17.082982798061018,96.09723440773764,1,0.4954244761683356,0.0198169790467334,155.7983754916346,0.0599353366058194,0.8467195617140113,0.1940329712733274,0.0,0.7488165731479087,0.2511834268520913,29.956770145585377,MMR013003026,14105.873046875,0.7329449524414666,2972,17.085800170898,96.100845336914,Hmawbi,Telenor,UMTS,1,0.4954244761689664,23.0,0.5945945945945946
25,Hmawbi,Boe Daw Na Kone,17.136018162698765,96.09717220248758,1,3.798911003059285,0.1519564401223714,157.57959239396854,0.0586938954734521,0.8959336017845038,0.1451454892190493,0.0,0.7833153848996857,0.2166846151003143,37.367655633847,MMR013003028,10248.312767863274,0.7084389742857655,3014,17.11051940918,96.073379516602,Hmawbi,Ooredoo,UMTS,1,3.798911003059485,16.0,0.40540540540540543
26,Hmawbi,Nyaung Hnit Pin,17.113252805472868,96.13584777608632,1,2.907748692143025,0.1163099476857209,155.66746766479457,0.0596723265415319,0.8431026506981745,0.1836757344598257,0.0,0.7441886132624221,0.2558113867375778,35.81576766220692,MMR013003029,9493.1237783432,0.7025675700691837,2979,17.096628,96.156967,Hmawbi,"Mytel, Telenor",LTE,2,2.907748692142378,10.0,0.24324324324324326
27,Hmawbi,Yoe Gyi,17.024544164626228,96.04413521483364,1,2.6058869281804764,0.104235477127219,155.24224966785695,0.0606780293027646,0.8313541120937169,0.2232799286578589,0.0,0.7401429845783382,0.2598570154216618,35.15198385895807,MMR013003030,1659.2428259849548,0.5688029676582869,2961,17.002139,96.036949,Hmawbi,Telenor,UMTS,1,2.605886928180657,5.0,0.10810810810810811
28,Hmawbi,Moe Kyoe Pyit,17.049491119039917,96.03782802835632,1,2.982246064936232,0.1192898425974492,156.18579059111102,0.0600121381536413,0.8574236271226447,0.1970573871662709,0.0,0.7583686911291886,0.2416313088708114,35.78186018890913,MMR013003031,2563.1458798646927,0.6021470202758019,2963,17.059707641602,96.063766479492,Hmawbi,MPT,"GSM, UMTS",2,2.9822460649366973,10.0,0.24324324324324326
29,Hmawbi,Yae Paw Theit,17.021043635160368,96.01940058535386,1,2.810781057559591,0.1124312423023836,155.7035188861581,0.0604559598059005,0.8440987260500588,0.214534915898339,0.0,0.7496641545273007,0.2503358454726992,35.5009122202335,MMR013003032,9148.012282252312,0.6997271196352635,2961,17.002139,96.036949,Hmawbi,Telenor,UMTS,1,2.810781057559961,7.0,0.16216216216216217
30,Hmawbi,Yin Taik Pin,17.060312153263297,96.08627609339464,1,1.7922492740571854,0.0716899709622874,155.3337125231203,0.060341341087191,0.8338811803120763,0.2100212741251608,0.0,0.7403021943840389,0.2596978056159611,33.19686534197666,MMR013003033,3049.6069498062134,0.6154731738285766,5968,17.045974731445,96.093978881836,Mingaladon,MPT,UMTS,1,1.7922492740573917,25.0,0.6486486486486487
31,Hmawbi,Thar Yar Kone,17.04541786547727,96.06037935321628,1,1.1169329007108073,0.0446773160284322,155.51159970143794,0.0603818115631131,0.8387961048843053,0.2116149861536941,0.0,0.7447189370747137,0.2552810629252863,31.509854905585232,MMR013003034,2799.4897224903107,0.6089106904618841,2962,17.043228149414,96.07063293457,Hmawbi,Ooredoo,UMTS,1,1.1169329007104978,8.0,0.1891891891891892
32,Hmawbi,Thea Kone,17.024429411071804,96.06430570017056,1,2.195901781459901,0.087836071258396,154.7453295436851,0.0609285759925397,0.8176244832816483,0.233146362498974,0.0,0.7299527651642471,0.2700472348357529,34.32087279804006,MMR013003035,3214.5070610046387,0.6195116738084928,2962,17.043228149414,96.07063293457,Hmawbi,Ooredoo,UMTS,1,2.195901781459883,10.0,0.24324324324324326
33,Hmawbi,Leik Poke Taw Ywar Gyi,17.050685344725895,96.07116795843228,1,0.8311518891985908,0.0332460755679436,155.41112739524112,0.060387693773754,0.8360201105084007,0.2118466253830118,0.0,0.7423940877395924,0.2576059122604076,30.85885321798273,MMR013003036,11529.433434963226,0.717474137517924,2962,17.043228149414,96.07063293457,Hmawbi,Ooredoo,UMTS,1,0.8311518891986418,9.0,0.21621621621621623
34,Hmawbi,Ah Hta Yu,17.081721743510332,96.1546754037828,1,0.7876442065922352,0.0315057682636894,154.0271621393781,0.06064272598936,0.7977819142118316,0.221889697534109,0.0,0.7113980817101733,0.2886019182898267,31.219374870168764,MMR013003037,8701.083636522293,0.6958850855072014,2966,17.074816,96.153026,Hmawbi,MPT,GSM,1,0.7876442065922323,7.0,0.16216216216216217
35,Hmawbi,In Hlyat,17.084748087287743,96.07228079213972,1,1.657174244503236,0.0662869697801294,156.51259969911536,0.0595983424952822,0.8664531824315199,0.1807622707127057,0.0,0.7635995456736978,0.2364004543263022,32.5232250017023,MMR013003038,4372.027277946472,0.64309855546256,2975,17.091293334961,96.05827331543,Hmawbi,MPT,UMTS,1,1.6571742445034217,19.0,0.4864864864864865
36,Hmawbi,Sat Thwar Taw,17.113449756309336,96.08062126151704,1,0.835736191263924,0.0334294476505569,157.26747285272813,0.059026421806329,0.887309911099073,0.1582402503859309,0.0,0.7779494619921017,0.2220505380078983,30.33652492915189,MMR013003039,20929.843145608906,0.7632128366544851,3014,17.11051940918,96.073379516602,Hmawbi,Ooredoo,UMTS,1,0.8357361912640421,19.0,0.4864864864864865
37,Hmawbi,Urban,17.09645734378486,96.0376924346538,0,0.2378424984266744,0.0095136999370669,157.74716372239703,0.0589165463476155,0.9005635051169614,0.153913396396633,0.0,0.788565988808912,0.2114340111910879,3.7423321640903375,MMR013003701,25740.284470319748,0.7790825636195974,2981,17.098159790039,96.039047241211,Hmawbi,"MPT, Ooredoo",UMTS,2,0.237842498426541,13.0,0.32432432432432434
38,Thanlyin,Win Kha Nee,16.959431137636134,96.38391591427175,1,6.999740657372791,0.2799896262949116,142.18370286915643,0.0664841627792912,0.4705536702319966,0.4519232680300407,0.0,0.4677591099017032,0.5322408900982968,49.782990929169145,MMR013023001,4170.641679644585,0.6394818699684127,1635,16.919631958008,96.332931518555,Dagon Myothit (Seikkan),Telenor,UMTS,2,6.999740657372321,7.0,0.16216216216216217
39,Thanlyin,Hpar Ku (East),16.928103071387177,96.3976424084987,1,6.723470896765182,0.2689388358706073,140.88658871996182,0.0674951030690335,0.4347151220850407,0.4917337141189992,0.0,0.4432679108901344,0.5567320891098655,49.487311488884416,MMR013023002,4066.11300098896,0.6375351909986676,7917,16.874542,96.368317,Thanlyin,Telenor,UMTS,1,6.723470896765474,5.0,0.10810810810810811
40,Thanlyin,Hpar Ku (West),16.921189722010425,96.37470176055756,1,4.446953328156682,0.1778781331262672,141.63553585528564,0.0673974261680845,0.4554081181374646,0.4878872347187578,0.0,0.4602799856246586,0.5397200143753413,43.76848820320616,MMR013023003,3803.702115178108,0.63241878436202,1635,16.919631958008,96.332931518555,Dagon Myothit (Seikkan),Telenor,UMTS,2,4.446953328157093,3.0,0.05405405405405406
41,Thanlyin,Day Zat,16.898894022108486,96.36780247064031,1,2.708378417986376,0.108335136719455,141.39261063545027,0.0679146609577163,0.4486962283684836,0.5082557450223886,0.0,0.4576301558665694,0.5423698441334306,39.63565586516876,MMR013023004,8167.617745280266,0.6910320276180251,7917,16.874542,96.368317,Thanlyin,Telenor,UMTS,1,2.7083784179864123,5.0,0.10810810810810811
42,Thanlyin,Yone Tha Pyay Kan,16.826318476877905,96.35149391056024,1,5.458685164540221,0.2183474065816088,140.4639802437583,0.0696965283423594,0.4230386830984368,0.5784250084039999,0.0,0.4463466318942712,0.5536533681057287,46.40564491648246,MMR013023005,5522.122419953346,0.6610100335600341,7916,16.873116,96.366989,Thanlyin,Telenor,UMTS,1,5.458685164540361,7.0,0.16216216216216217
43,Thanlyin,Min Ga Lun,16.808804589030675,96.38458945716522,1,7.39236772887105,0.295694709154842,138.86662886413762,0.0706250074884234,0.3789047459567543,0.6149881658566753,0.0,0.4143172589417424,0.5856827410582576,51.52692366516438,MMR013023006,4852.199726104736,0.6510906905654371,7916,16.873116,96.366989,Thanlyin,Telenor,UMTS,1,7.392367728870935,7.0,0.16216216216216217
44,Thanlyin,Baw Tha Pyay Kan,16.78388306446298,96.35401544972888,1,8.903297084976058,0.3561318833990423,139.5579825782385,0.0709171503913238,0.3980064675629561,0.6264926428314267,0.0,0.4322793938532266,0.5677206061467733,54.88372209614414,MMR013023007,6706.587297916412,0.6759149972628228,7833,16.73698425293,96.286239624023,Thanlyin,Telenor,UMTS,1,8.903297084975366,6.0,0.13513513513513514
45,Thanlyin,Kayin Seik,16.763737150030625,96.38996811960034,1,11.43830412935582,0.4575321651742328,137.84361900692005,0.0719785550889081,0.3506395481362949,0.6682903582064064,0.0,0.3982871696468116,0.6017128303531883,61.477622365751806,MMR013023008,4981.400160193443,0.6531062018993216,7833,16.73698425293,96.286239624023,Thanlyin,Telenor,UMTS,1,11.438304129356071,4.0,0.08108108108108109
46,Thanlyin,Tha Pyay Kone,16.870282188590494,96.3725625246941,1,0.6545612386566548,0.0261824495462661,140.57788943828342,0.0687570503040192,0.4261859312838831,0.5414287187352629,0.0,0.4434723494015901,0.5565276505984099,34.91886173175212,MMR013023009,2388.244408607483,0.5967274027065647,7917,16.874542,96.368317,Thanlyin,Telenor,UMTS,1,0.6545612386567189,7.0,0.16216216216216217
47,Thanlyin,Bagan Taung,16.849617009826435,96.38294217339087,1,3.116030789841588,0.1246412315936635,139.74111208230488,0.0694618239738168,0.4030662347027151,0.5691824391785782,0.0,0.4279836653740945,0.5720163346259055,41.05871891500839,MMR013023010,5423.287704229355,0.6596248508172518,7916,16.873116,96.366989,Thanlyin,Telenor,UMTS,1,3.116030789841144,4.0,0.08108108108108109
48,Thanlyin,Ah Lun Soke,16.696946158499813,96.25483526624846,1,0.528652157879227,0.021146086315169,141.55640419438288,0.0719805565177095,0.453221754014482,0.6683691737152997,0.0,0.4854938669696046,0.5145061330303953,33.98635717436608,MMR013023011,24956.17050886154,0.7767094625363431,7798,16.692254,96.255635,Thanlyin,Telenor,UMTS,1,0.5286521578795497,5.0,0.10810810810810811
49,Thanlyin,Kyaung Kone Seik Gyi (a) Gya Mar,16.708279862214454,96.23767411213709,1,0.2001028333620395,0.0080041133344815,142.28623186783744,0.0714143028314842,0.4733864898862808,0.6460703178116604,0.0,0.4992890640750877,0.5007109359249122,32.990910838942575,MMR013023012,24646.54974508285,0.7757518058254688,7805,16.708145141602,96.239547729492,Thanlyin,MPT,UMTS,1,0.2001028333623685,7.0,0.16216216216216217
50,Thanlyin,Let Yet San,16.70004004817721,96.30281039105157,1,0.5363965276559702,0.0214558611062388,139.99364734941233,0.0725838340661808,0.410043644774646,0.6921260153050415,0.0,0.4523560003542053,0.5476439996457947,34.502011661061246,MMR013023013,14459.320679426191,0.734843304696136,7803,16.704025268555,96.29997253418,Thanlyin,Ooredoo,UMTS,1,0.5363965276557335,21.0,0.5405405405405406
51,Thanlyin,Thu Htay Kwin,16.747549774219376,96.34130844278738,1,5.980346022344897,0.2392138408937959,139.38752704172714,0.0717717893074724,0.3932968751527812,0.6601479999698122,0.0,0.4333245438753358,0.5666754561246641,47.85296229549771,MMR013023014,5179.2167382240295,0.6560930224662415,7833,16.73698425293,96.286239624023,Thanlyin,Telenor,UMTS,1,5.980346022345688,5.0,0.10810810810810811
52,Thanlyin,Sit Pin Kwin,16.746928833923445,96.31541024919552,1,3.2970993133124256,0.131883972532497,140.30636688030685,0.0714293396998353,0.418683912843123,0.6466624639976566,0.0,0.452880695516303,0.5471193044836969,41.11982791920528,MMR013023015,6854.9646137952805,0.6775934477909491,7833,16.73698425293,96.286239624023,Thanlyin,Telenor,UMTS,1,3.297099313312616,5.0,0.10810810810810811
53,Thanlyin,Ba Yet,16.765270030141608,96.3026449618421,1,3.597747354186389,0.1439098941674555,141.0752874896262,0.0707368411515507,0.4399287649599464,0.6193921331948422,0.0,0.4668482701951807,0.5331517298048192,41.63186959711962,MMR013023016,4918.827582120895,0.6521366879492616,7833,16.73698425293,96.286239624023,Thanlyin,Telenor,UMTS,1,3.597747354186412,7.0,0.16216216216216217
54,Thanlyin,Nga Byay Ma,16.794403548316783,96.30636954582872,1,4.852834213524062,0.1941133685409624,141.4820985229479,0.0699769215284024,0.4511687293173348,0.5894667859747807,0.0,0.4719134378159517,0.5280865621840483,44.56810054521847,MMR013023017,8052.055376529694,0.6899390147373329,1591,16.811141967773,96.264266967773,Dagon Myothit (Seikkan),Ooredoo,UMTS,1,4.85283421352207,5.0,0.10810810810810811
55,Thanlyin,Nga/Pa,16.782860547631838,96.27433626959431,1,2.295676140444046,0.0918270456177618,142.37451582340455,0.0698586662655674,0.4758257268602665,0.5848099384699398,0.0,0.4921733586017174,0.5078266413982826,38.12702235803995,MMR013023018,5603.388320922852,0.6621305421680768,7879,16.768569946289,96.258773803711,Thanlyin,Ooredoo,UMTS,1,2.29567614044218,6.0,0.13513513513513514
56,Thanlyin,Tha Nat Pin,16.781036929707604,96.29181863246993,1,3.781336168674856,0.1512534467469942,141.7400634802163,0.0701489055088717,0.458296158732111,0.5962394500501049,0.0,0.47898765242981,0.52101234757019,41.89039201837251,MMR013023019,3921.407917022705,0.6347560684994007,7879,16.768569946289,96.258773803711,Thanlyin,Ooredoo,UMTS,1,3.781336168675377,7.0,0.16216216216216217
57,Thanlyin,Bo Gyoke,16.746555224938934,96.2346845735472,1,1.4730184220424631,0.0589207368816985,143.02301256432568,0.0703082792500606,0.4937433339475661,0.6025155276740514,0.0,0.5100591630065389,0.4899408369934611,35.88435676780383,MMR013023020,19799.49371004105,0.758953982902121,7861,16.75895690918,96.239547729492,Thanlyin,MPT,UMTS,2,1.4730184220424458,4.0,0.08108108108108109
58,Thanlyin,Nyaung Thone Pin,16.7688388455687,96.27177782949838,1,1.3848192875450278,0.0553927715018011,142.20129962162855,0.070210699363004,0.471039858792266,0.5986728686441875,0.0,0.4901848102700543,0.5098151897299457,35.97079413605725,MMR013023021,16054.115273952484,0.7428689171685691,7879,16.768569946289,96.258773803711,Thanlyin,Ooredoo,UMTS,1,1.384819287544668,5.0,0.10810810810810811
59,Thanlyin,Hpa Yar Kone,16.722645993266735,96.28521340143097,1,1.4667904835316747,0.0586716193412669,140.95057305213976,0.071690365754074,0.4364829738742095,0.6569415712461495,0.0,0.4695517634800005,0.5304482365199995,36.477020708276015,MMR013023022,44031.20804524422,0.8202638676365511,7806,16.711351,96.292328,Thanlyin,Mytel,LTE,1,1.466790483531892,22.0,0.5675675675675675
60,Thanlyin,La Har Yet,16.871798804691043,96.33974987193449,1,2.9021727156027435,0.1160869086241097,141.85556041124644,0.0682931494238067,0.4614872752010199,0.5231604776039981,0.0,0.4707382555614666,0.5292617444385334,39.90414068402458,MMR013023023,8507.281002044678,0.6941573187810655,7916,16.873116,96.366989,Thanlyin,Telenor,UMTS,1,2.9021727156016777,4.0,0.08108108108108109
61,Thanlyin,Ka Dat Hpyar,16.84561432561802,96.33655203949124,1,4.454507429607716,0.1781802971843086,141.41402671423032,0.0689672461246604,0.4492879428069966,0.5497061506179041,0.0,0.4643506739786327,0.5356493260213673,43.72555772137903,MMR013023024,4175.342524290085,0.639568265537464,7916,16.873116,96.366989,Thanlyin,Telenor,UMTS,1,4.454507429607707,5.0,0.10810810810810811
62,Thanlyin,Nyaung Lay Pin,16.82661965124514,96.32152744799234,1,4.505934439917458,0.1802373775966983,141.5729315943769,0.0692909373274669,0.4536783969558901,0.5624529877056637,0.0,0.4699945855683561,0.530005414431644,43.76432387227656,MMR013023025,5310.395390510559,0.6580114293063408,1620,16.830368041992,96.279373168945,Dagon Myothit (Seikkan),Ooredoo,UMTS,1,4.505934439917038,6.0,0.13513513513513514
63,Thanlyin,Ku Lar Wea,16.809328627893116,96.30566927735438,1,3.647882295592604,0.1459152918237041,141.79599630418545,0.0695550263352416,0.4598415517925895,0.5728527129054409,0.0,0.4767932259595172,0.5232067740404828,41.60301912002949,MMR013023026,9222.50358581543,0.7003491856373343,1620,16.830368041992,96.279373168945,Dagon Myothit (Seikkan),Ooredoo,UMTS,1,3.647882295592908,5.0,0.10810810810810811
64,Thanlyin,Say Lone Gyi,16.717861274375743,96.33265698359054,1,3.7893620818222735,0.1515744832728909,139.2174740645258,0.0724985180592513,0.3885984052341947,0.6887663032341556,0.0,0.4336235899341888,0.5663764100658112,42.59011514736063,MMR013023027,1826.3091118335724,0.5761582239074075,7800,16.694412231445,96.306838989258,Thanlyin,Ooredoo,UMTS,1,3.789362081822912,6.0,0.13513513513513514
65,Thanlyin,Chaung Sauk,16.726105462682945,96.34709041160733,1,5.549392397944766,0.2219756959177906,138.82575895758697,0.0724652731508525,0.3777755329922772,0.6874571313206714,0.0,0.4242277727415363,0.5757722272584637,46.95512516394439,MMR013023028,1253.198995232582,0.5472876116530048,7800,16.694412231445,96.306838989258,Thanlyin,Ooredoo,UMTS,1,5.549392397945985,7.0,0.16216216216216217
66,Thanlyin,Urban,16.764031631169093,96.23788142046229,0,0.5915167164900496,0.0236606686596019,143.23382085207606,0.069872136621711,0.499567850606343,0.5853403959979431,0.0,0.512433732415083,0.4875662675849169,8.733134133349873,MMR013023701,68808.91952371597,0.8545104438466763,7861,16.75895690918,96.239547729492,Thanlyin,MPT,UMTS,2,0.5915167164897448,8.0,0.1891891891891892
67,Kyauktan,Kan Pyaung,16.690965742534598,96.40198352278266,1,9.855868344980053,0.3942347337992021,136.24603363113803,0.0742630694196909,0.3064991458098022,0.7582536681346954,0.0,0.3742623241585362,0.6257376758414638,58.040149165574086,MMR013024001,3658.050160765648,0.6294243735543866,4214,16.686172485352,96.309585571289,Kyauktan,Ooredoo,UMTS,1,9.855868344980127,9.0,0.21621621621621623
68,Kyauktan,Pi La Khat,16.65359833186366,96.38585908210491,1,6.594888909711326,0.263795556388453,136.3562616519876,0.0751390839238438,0.3095446851980002,0.7927507878405645,0.0,0.3820256005943849,0.617974399405615,50.097349374391406,MMR013024002,1821.123001456261,0.57594019508848,4199,16.633987426758,96.327438354492,Kyauktan,Ooredoo,UMTS,1,6.594888909709255,3.0,0.05405405405405406
69,Kyauktan,Kyon Kan,16.660303416523597,96.44131768540429,1,12.479992678238547,0.4991997071295418,134.3044002137106,0.0757396565192762,0.2528528859510092,0.8164011094031374,0.0,0.3373851194688284,0.6626148805311716,64.89120563574008,MMR013024003,2645.5842809677124,0.6045745488935717,4199,16.633987426758,96.327438354492,Kyauktan,Ooredoo,UMTS,1,12.479992678239384,7.0,0.16216216216216217
70,Kyauktan,Wea Gyi,16.638225105196838,96.4542947983398,1,13.523587851682487,0.5409435140672995,133.52015799362073,0.0765968969413114,0.2311847061836248,0.8501589128589767,0.0,0.3240308371849276,0.6759691628150724,67.59614828626405,MMR013024004,2132.367172598839,0.5880377276037759,4199,16.633987426758,96.327438354492,Kyauktan,Ooredoo,UMTS,1,13.52358785168157,5.0,0.10810810810810811
71,Kyauktan,Ywar Thit Gyi,16.626919829828058,96.42739669816086,1,10.6789038082202,0.427156152328808,134.44965567851486,0.0765488045497556,0.2568662142862432,0.8482650526767789,0.0,0.3455760400448235,0.6544239599551764,60.44572853905613,MMR013024005,1290.4193089008331,0.549531053612307,4199,16.633987426758,96.327438354492,Kyauktan,Ooredoo,UMTS,1,10.678903808219896,6.0,0.13513513513513514
72,Kyauktan,Kyan Pin,16.62758251404552,96.39599603252104,1,7.339024900586935,0.2935609960234774,135.65818695213545,0.0760667321012363,0.2902572664643775,0.8292812220613818,0.0,0.3711108598039281,0.6288891401960719,52.04699686434972,MMR013024006,1885.8464361429208,0.5786178187332193,4199,16.633987426758,96.327438354492,Kyauktan,Ooredoo,UMTS,1,7.339024900588696,4.0,0.08108108108108109
73,Kyauktan,Thaung Gyi,16.64641407658381,96.34816902227412,1,2.6008232200075745,0.1040329288003029,137.64930710998638,0.0748008004135349,0.3452708176524685,0.7794293112048176,0.0,0.4103945916853209,0.5896054083146791,40.086056852738366,MMR013024007,4428.5421776771545,0.64408360168903,4206,16.64095,96.324432,Kyauktan,Telenor,UMTS,1,2.600823220006615,5.0,0.10810810810810811
74,Kyauktan,Kayin Chaung,16.52968982639143,96.45003166096458,1,17.469687025130824,0.6987874810052329,132.58514613216948,0.0799070679701578,0.2053508444256588,0.9805121954674986,0.0,0.3216250470819348,0.6783749529180652,77.10287315408496,MMR013024008,3039.6306057572365,0.6152218906525009,4199,16.633987426758,96.327438354492,Kyauktan,Ooredoo,UMTS,1,17.469687025130977,8.0,0.1891891891891892
75,Kyauktan,Zwe Ka Nar,16.530729229145955,96.46600868669964,1,18.705913484512976,0.748236539380519,131.95599587186328,0.080121052146262,0.1879677699216502,0.9889388113548332,0.0,0.3081134261366277,0.6918865738633724,80.27249097078173,MMR013024009,3558.7110980153084,0.6273129180232534,4199,16.633987426758,96.327438354492,Kyauktan,Ooredoo,UMTS,1,18.705913484512827,3.0,0.05405405405405406
76,Kyauktan,Ah Se,16.600864668974975,96.46215876276436,1,14.819576214903222,0.5927830485961288,132.7975149306517,0.0778611820274003,0.2112184771348089,0.8999459811670807,0.0,0.3145276027396496,0.6854723972603504,70.84906887467298,MMR013024010,5232.109669804573,0.65687233028784,4199,16.633987426758,96.327438354492,Kyauktan,Ooredoo,UMTS,1,14.819576214901314,5.0,0.10810810810810811
77,Kyauktan,Min Ga Lun,16.532367757679737,96.48243288318156,1,20.01294689792887,0.8005178759171548,131.30204305074489,0.0803217704975835,0.1698994143493659,0.996843024081763,0.0,0.2939409558092255,0.7060590441907745,83.6219582178909,MMR013024011,4129.841239929199,0.63872789401987,4199,16.633987426758,96.327438354492,Kyauktan,Ooredoo,UMTS,1,20.01294689792809,5.0,0.10810810810810811
78,Kyauktan,Na Ywe Chaung,16.529282776241338,96.503287917945,1,22.06253624117172,0.8825014496468687,130.40610935003184,0.0807407812405291,0.1451452606078301,1.0,0.0,0.2733734715166556,0.7266265284833444,88.84948490606229,MMR013024012,2155.3281876444817,0.5888589597160686,4199,16.633987426758,96.327438354492,Kyauktan,Ooredoo,UMTS,1,22.06253624117303,6.0,0.13513513513513514
79,Kyauktan,Sit Ta Pin,16.589327049132255,96.55526763510817,1,19.525474672070047,0.7810189868828019,128.74949852872996,0.0795954132581921,0.0993740177940352,0.968239350834664,0.0,0.2297038177501295,0.7702961822498704,83.41558194671617,MMR013024013,1115.2968648672104,0.5383520972493898,8254,16.763788,96.534454,Thongwa,Telenor,UMTS,2,19.52547467207009,7.0,0.16216216216216217
80,Kyauktan,Mya Kaing,16.546757692830226,96.54907021505296,1,24.182881915453567,0.9673152766181426,128.60361339640244,0.0808722636169343,0.0953432920926069,1.0,0.0,0.2310417982787159,0.768958201721284,94.5732896229078,MMR013024014,2795.4342260956764,0.6087995193796758,8254,16.763788,96.534454,Thongwa,Telenor,UMTS,2,24.18288191545387,4.0,0.08108108108108109
81,Kyauktan,Boe Ba,16.53549669005154,96.52379370722512,1,23.61806670785753,0.9447226683143012,129.59222796908531,0.0808538771408677,0.1226581671819556,1.0,0.0,0.2542594421046622,0.7457405578953378,92.86946846728814,MMR013024015,2478.807810485363,0.5995814129547179,4199,16.633987426758,96.327438354492,Kyauktan,Ooredoo,UMTS,1,23.61806670785744,5.0,0.10810810810810811
82,Kyauktan,Tha Nat Pin Chin,16.604319777576762,96.3149438676914,1,3.123655431445189,0.1249462172578075,138.31828558470616,0.0755506077878093,0.3637543237420508,0.8089564418905127,0.0,0.4305346414643201,0.5694653585356799,41.03875341350365,MMR013024019,2858.5929275751114,0.6105128331378469,4195,16.631240844727,96.323318481445,Kyauktan,Ooredoo,UMTS,1,3.123655431445305,7.0,0.16216216216216217
83,Kyauktan,Baw Ga Lut,16.585900457481742,96.32082278678556,1,5.048636676250573,0.2019454670500229,137.91518688953204,0.0761885212816378,0.3526169292390745,0.834077233902819,0.0,0.4248359749386361,0.5751640250613639,45.74418839892184,MMR013024020,2375.7594343423843,0.596325490311481,4195,16.631240844727,96.323318481445,Kyauktan,Ooredoo,UMTS,1,5.04863667625068,3.0,0.05405405405405406
84,Kyauktan,Chaung Wa,16.574328584992475,96.29376875686108,1,7.0684576117325255,0.282738304469301,138.72077889627042,0.076117840031618,0.3748749918299595,0.831293833021517,0.0,0.4433378180086931,0.5566621819913069,50.31423099802767,MMR013024021,2977.659231901169,0.613642249798887,4195,16.631240844727,96.323318481445,Kyauktan,Ooredoo,UMTS,1,7.068457611732079,5.0,0.10810810810810811
85,Kyauktan,Kwa Hnee,16.542919420290527,96.37418175732589,1,11.147455781483885,0.4458982312593553,135.5938596079714,0.0783163491652462,0.2884799374433193,0.9178702908286316,0.0,0.3828884904511161,0.6171115095488838,61.010566518794576,MMR013024022,3509.055141925812,0.6262352857747049,4196,16.631240844727,96.324691772461,Kyauktan,Ooredoo,UMTS,1,11.147455781484936,7.0,0.16216216216216217
86,Kyauktan,Zwe Bar Kone Tan,16.519926260654252,96.36814592786251,1,13.215629486728725,0.5286251794691489,135.61796591830637,0.0789325878617806,0.2891459814951255,0.94213753752484,0.0,0.3870947148995827,0.6129052851004173,65.91109004465518,MMR013024023,2577.7837149500847,0.6025837015683486,4196,16.631240844727,96.324691772461,Kyauktan,Ooredoo,UMTS,1,13.21562948672817,4.0,0.08108108108108109
87,Kyauktan,Nyaung Waing,16.6784487071541,96.32605827176393,1,1.9535102241426987,0.0781404089657079,138.86616521365303,0.073540776224833,0.3788919355497244,0.7298100354235669,0.0,0.4315296505308008,0.5684703494691992,38.21547977998046,MMR013024024,8085.940443396568,0.6902611236268613,4214,16.686172485352,96.309585571289,Kyauktan,Ooredoo,UMTS,1,1.953510224143609,6.0,0.13513513513513514
88,Kyauktan,Yae Kyaw,16.70371221826232,96.36197719814275,1,5.911141873048485,0.2364456749219393,137.93506946611447,0.0733220551134957,0.3531662738581101,0.7211968808191223,0.0,0.4083708649022619,0.5916291350977381,48.06117752178243,MMR013024025,3609.0091279149055,0.6283892668302218,4214,16.686172485352,96.309585571289,Kyauktan,Ooredoo,UMTS,1,5.911141873048106,5.0,0.10810810810810811
89,Kyauktan,Kyar Kan,16.67360070280002,96.3693838312422,1,6.009376802835115,0.2403750721134046,137.23267653501728,0.0743084316905552,0.3337595447781458,0.7600400171970894,0.0,0.3977016156409873,0.6022983843590126,48.45698009218946,MMR013024026,1418.8696312308311,0.5568051956978147,4206,16.64095,96.324432,Kyauktan,Telenor,UMTS,1,6.009376802835633,5.0,0.10810810810810811
90,Kyauktan,Par Da Gyi,16.66124722720984,96.34506084628786,1,3.15015135356422,0.1260060541425688,137.95354041409632,0.0743187296928322,0.3536766159579003,0.7604455486301838,0.0,0.4146919558587428,0.5853080441412571,41.33998391067298,MMR013024027,3565.373917818069,0.6274563692737917,4206,16.64095,96.324432,Kyauktan,Telenor,UMTS,1,3.150151353564827,6.0,0.13513513513513514
91,Kyauktan,U Yin,16.602224254077704,96.41880068942508,1,10.355635264745697,0.4142254105898278,134.5083268901206,0.0771748754254552,0.2584872674859775,0.8729194868681973,0.0,0.3506521003933105,0.6493478996066895,59.59374312949001,MMR013024028,2284.1342841386795,0.5933096704003527,4199,16.633987426758,96.327438354492,Kyauktan,Ooredoo,UMTS,1,10.355635264747011,4.0,0.08108108108108109
92,Kyauktan,Shwe Pyauk,16.630847485207273,96.28166577984692,1,1.479943008143746,0.0591977203257498,139.75949347309682,0.0742701017440282,0.403574102386769,0.7585305984061957,0.0,0.456817576789683,0.543182423210317,36.69959956769975,MMR013024029,32946.78794300556,0.7980174023802639,4205,16.640853881836,96.272506713867,Kyauktan,MPT,UMTS,1,1.4799430081438347,5.0,0.10810810810810811
93,Kyauktan,Pan Taw,16.606834273442402,96.3595317348245,1,4.561726623635732,0.1824690649454292,136.7683366750577,0.0761480064163192,0.3209300906872742,0.8324817738366465,0.0,0.39766284315968,0.60233715684032,44.98320124933056,MMR013024030,7723.665385127068,0.6867452309309275,4199,16.633987426758,96.327438354492,Kyauktan,Ooredoo,UMTS,1,4.561726623635224,7.0,0.16216216216216217
94,Kyauktan,Ywar Thit Ka Lay,16.58440533156873,96.40507778838013,1,9.941706275477507,0.3976682510191003,134.8436292569848,0.0775146579327287,0.2677514868502579,0.8862999934372183,0.0,0.3605337628383019,0.639466237161698,58.45208861857149,MMR013024031,5096.624814867973,0.6548600818666661,4199,16.633987426758,96.327438354492,Kyauktan,Ooredoo,UMTS,1,9.941706275477298,1.0,0.0
95,Kyauktan,Mee Pya,16.55455816493147,96.33313599900151,1,8.57408774650699,0.3429635098602796,137.1750851816542,0.0773221136057588,0.3321683274657507,0.8787176706963521,0.0,0.4141507289503409,0.5858492710496591,54.365549657361655,MMR013024032,5424.770927906036,0.6596458243558961,4196,16.631240844727,96.324691772461,Kyauktan,Ooredoo,UMTS,1,8.57408774650709,5.0,0.10810810810810811
96,Kyauktan,Ka Mar Ka Loke,16.53268966561608,96.41539690023248,1,14.612601391938831,0.5845040556775534,133.95920880984676,0.0792751964173729,0.2433154379515627,0.9556293328073312,0.0,0.350162522179928,0.649837477820072,69.81780550795429,MMR013024033,5371.550013780594,0.6588896416188865,4196,16.631240844727,96.324691772461,Kyauktan,Ooredoo,UMTS,1,14.61260139194038,5.0,0.10810810810810811
97,Kyauktan,Kha Naung,16.595838278364987,96.51039633268913,1,18.85017339454335,0.7540069357817341,130.75212794255776,0.0787303729190593,0.1547055633735365,0.934174389594869,0.0,0.2716258873067364,0.7283741126932636,81.16602783730299,MMR013024034,5185.908272624016,0.6561920519655402,8254,16.763788,96.534454,Thongwa,Telenor,UMTS,2,18.8501733945433,8.0,0.1891891891891892
98,Kyauktan,Sin Ma Kaw,16.634210668999973,96.50421719597936,1,14.7638683152223,0.590554732608892,131.42664840672234,0.0774420041736212,0.1733421915732049,0.8834389158944003,0.0,0.2798567002213842,0.7201432997786158,71.23543345321275,MMR013024035,1770.382830262184,0.5737736906536599,8254,16.763788,96.534454,Thongwa,Telenor,UMTS,2,14.763868315221831,5.0,0.10810810810810811
99,Kyauktan,Pan Chaung,16.64094611992227,96.474423152033,1,15.081663422939943,0.6032665369175978,132.73850198547677,0.0768048752395959,0.2095879820251394,0.8583490195502793,0.0,0.3069021376539104,0.6930978623460895,71.59246015024722,MMR013024036,1436.491234540939,0.5577513957711567,8254,16.763788,96.534454,Thongwa,Telenor,UMTS,2,15.081663422939526,5.0,0.10810810810810811
100,Kyauktan,Tar Pat,16.653490003806127,96.5103851015935,1,12.52960563431103,0.5011842253724412,131.39376878225562,0.0769342942420847,0.1724337456933755,0.8634454908985352,0.0,0.2760855074741494,0.7239144925258505,65.92977091023423,MMR013024037,1921.4556761980057,0.5800520760760955,8254,16.763788,96.534454,Thongwa,Telenor,UMTS,2,12.529605634310895,4.0,0.08108108108108109
101,Kyauktan,Ka Dat Pa Na,16.679922874729552,96.53799421614733,1,9.33300708616065,0.373320283446426,130.54882597942688,0.0765084360766134,0.1490884423217303,0.8466753574791214,0.0,0.253726479595339,0.746273520404661,58.59331981285548,MMR013024038,2276.146033525467,0.5930410324886229,8254,16.763788,96.534454,Thongwa,Telenor,UMTS,2,9.333007086160936,3.0,0.05405405405405406
102,Kyauktan,Win Gyi,16.670567202946074,96.57948895988416,1,11.42144679815693,0.4568578719262772,128.61540870350257,0.0773748103146722,0.0956691899186993,0.880792847153901,0.0,0.2134377385039795,0.7865622614960204,64.20990623801694,MMR013024039,3772.236082851887,0.6317817093590887,8254,16.763788,96.534454,Thongwa,Telenor,UMTS,2,11.421446798157168,5.0,0.10810810810810811
103,Kyauktan,Sit Tan,16.64342084853616,96.5885620106706,1,14.57210116355482,0.5828840465421928,127.87980792837794,0.0783543275505714,0.0753449464335667,0.9193658652724208,0.0,0.2019480842593948,0.7980519157406052,71.94382152864065,MMR013024040,2461.5975289940834,0.5990471580568044,8254,16.763788,96.534454,Thongwa,Telenor,UMTS,2,14.572101163555606,6.0,0.13513513513513514
104,Kyauktan,Poke Ta Loke,16.639589456240568,96.63097471358132,1,17.216241914816592,0.6886496765926637,125.92937145731592,0.0790703673430344,0.0214554630606982,0.947563241363409,0.0,0.1603716298061048,0.8396283701938951,78.91340614846825,MMR013024041,2718.890847980976,0.6066704844208973,8254,16.763788,96.534454,Thongwa,Telenor,UMTS,2,17.216241914817825,5.0,0.10810810810810811
105,Kyauktan,Ma Yan Bay,16.65461383655088,96.65195654109183,1,17.43477299701923,0.6973909198807692,125.15282814982932,0.0788800906598738,0.0,0.94007021757772,0.0,0.141010532636658,0.858989467363342,79.72829720329628,MMR013024042,2732.3870149850845,0.6070501933821589,8254,16.763788,96.534454,Thongwa,Telenor,UMTS,2,17.434772997020062,5.0,0.10810810810810811
106,Kyauktan,Shan Chaung,16.546426248877037,96.58422419425696,1,24.74427092686636,0.9897708370746544,127.05382526298106,0.0814096778143812,0.0525235011962627,1.0,0.0,0.1946449760168233,0.8053550239831767,96.46657558422692,MMR013024043,2274.198582023382,0.5929753985162297,8254,16.763788,96.534454,Thongwa,Telenor,UMTS,2,24.74427092686682,6.0,0.13513513513513514
107,Kyauktan,Tu Myaung,16.60848298479104,96.57248322775186,1,17.737841886561366,0.7095136754624547,128.19559467800445,0.0792343135826883,0.0840699600630043,0.954019382246758,0.0,0.2145623733905673,0.7854376266094326,79.35238492688876,MMR013024044,2280.0555495023727,0.5931726236484056,8254,16.763788,96.534454,Thongwa,Telenor,UMTS,2,17.737841886561853,5.0,0.10810810810810811
108,Kyauktan,Ta Man Gyi Kone,16.598866625149565,96.62039544506814,1,20.496245316522337,0.8198498126608935,125.95313642451444,0.0802321834393315,0.0221120759900107,0.9933151196258831,0.0,0.1677925325353916,0.8322074674646084,86.67410077162273,MMR013024045,3190.212604522705,0.6189298778617951,8254,16.763788,96.534454,Thongwa,Telenor,UMTS,2,20.49624531652304,7.0,0.16216216216216217
109,Kyauktan,Aung Chan Thar,16.561909324174675,96.61509129132249,1,24.035310542753493,0.9614124217101396,125.81851997129344,0.0813597145646994,0.0183926976738242,1.0,0.0,0.1656337930227505,0.8343662069772494,95.20023840726712,MMR013024046,2341.058660596609,0.5951972258868418,8254,16.763788,96.534454,Thongwa,Telenor,UMTS,2,24.03531054275391,7.0,0.16216216216216217
110,Kyauktan,Ku Lar Tan,16.494773702907377,96.42047990003884,1,18.28914289887496,0.7315657159549983,133.4529980898464,0.0805508212305322,0.2293291151036451,1.0,0.0,0.3449297478380983,0.6550702521619016,78.71999673972842,MMR013024047,2947.172337770462,0.6128530416315852,4196,16.631240844727,96.324691772461,Kyauktan,Ooredoo,UMTS,1,18.28914289887624,6.0,0.13513513513513514
111,Kyauktan,Zee Hpyu Pin,16.6795138166087,96.5134130802942,1,9.63504436489792,0.3854017745959167,131.59376088578054,0.076178000159181,0.1779594171507713,0.8336629160814673,0.0,0.2763149419903756,0.7236850580096243,58.97938234589937,MMR013024049,1191.9829800128937,0.5434488906838026,8254,16.763788,96.534454,Thongwa,Telenor,UMTS,2,9.635044364898295,3.0,0.05405405405405406
112,Kyauktan,Urban,16.636457032911988,96.31353202497972,0,1.1931362292894825,0.0477254491715792,138.74700404460742,0.0745817263854343,0.3755995782065096,0.7708022588717709,0.0,0.4348799803062987,0.5651200196937012,11.340327245700276,MMR013024701,20122.385135889053,0.7601948646502003,4195,16.631240844727,96.323318481445,Kyauktan,Ooredoo,UMTS,1,1.1931362292885015,6.0,0.13513513513513514
113,Kyauktan,Urban,16.638895804180578,96.54087901326636,0,13.904246524143833,0.5561698609657533,129.91768286180593,0.0778214483601611,0.1316503062698472,0.8983812843856838,0.0,0.2466599529872226,0.7533400470127773,44.67029236313685,MMR013024702,11366.645727276802,0.7163833830129376,8254,16.763788,96.534454,Thongwa,Telenor,UMTS,2,13.904246524144195,7.0,0.16216216216216217
114,Insein,Urban,16.90282377,96.10389661,0,0.4209462120437818,0.0168378484817512,150.36870860433234,0.0643059016717413,0.8438962275839595,0.7935920281718544,0.0,0.8363505976721438,0.1636494023278561,3.465011943822919,MMR013001701,380746.2488117218,0.9857495626315124,3525,16.906473,96.102844,Insein,Telenor,UMTS,1,0.4209462120436744,18.0,0.4594594594594595
115,Mingaladon,Nwe Khway,17.03518073,96.15242822,1,0.1854877748305622,0.0074195109932224,152.54252351281627,0.0617875471229142,0.9433597616101812,0.6738496197199203,0.0,0.902933240326642,0.0970667596733579,26.90117205469372,MMR013002001,16468.59024810791,0.7448241820231774,5928,17.033615112305,96.153030395508,Mingaladon,Ooredoo,UMTS,1,0.1854877748306385,8.0,0.1891891891891892
116,Mingaladon,Kone Ta La Paung,17.01144624,96.15179207,1,0.312665523992262,0.0125066209596904,151.78748283687992,0.0623934006181056,0.9088126556587584,0.7026566662563285,0.0,0.8778892572483938,0.1221107427516061,27.582058398855523,MMR013002002,10385.834555625916,0.7094614346050309,5880,17.008895874023,96.153030395508,Mingaladon,Telenor,UMTS,1,0.3126655239918783,14.0,0.35135135135135137
117,Mingaladon,Shwe Nant Thar,16.98417621,96.16322717,1,0.4656945175691206,0.0186277807027648,150.60517303525478,0.0632436258125965,0.8547157264655125,0.7430830679169963,0.0,0.837970827683235,0.1620291723167649,28.54810442691737,MMR013002003,42888.329592227936,0.8182464546281694,5810,16.980056762695,96.164016723633,Mingaladon,Ooredoo,UMTS,1,0.4656945175692162,7.0,0.16216216216216217
118,Mingaladon,Pyin Ma Pin,16.99531331,96.13725306,1,0.1289763812296108,0.0051590552491844,151.89875877845463,0.0625022751565985,0.9139041187625954,0.7078334192533654,0.0,0.8829935138362108,0.1170064861637891,27.064640607407902,MMR013002004,37424.3054151535,0.8077923594296123,5851,16.996443,96.136978,Mingaladon,MPT,UMTS,1,0.1289763812295583,28.0,0.7297297297297297
119,Mingaladon,Thin Gan Kyun Gyi,16.95428284,96.16176311,1,0.5446077160687557,0.0217843086427502,149.82864938061945,0.0638974579382497,0.8191856605691236,0.7741713963993468,0.0,0.8124335209436571,0.1875664790563429,29.120555704410155,MMR013002005,40069.89925575256,0.8130320866562986,5735,16.955337524414,96.166763305664,Mingaladon,Telenor,UMTS,1,0.5446077160689407,7.0,0.16216216216216217
120,Mingaladon,Urban,17.00762585,96.11312766,0,0.4578660245299376,0.0183146409811975,152.77529779478223,0.0620093538933912,0.9540104166518736,0.6843960604187602,0.0,0.9135682632169064,0.0864317367830934,2.395354510618252,MMR013002701,19121.998517513275,0.756283219435056,5875,17.006654,96.117312,Mingaladon,Ooredoo,UMTS,1,0.4578660245304889,17.0,0.43243243243243246
121,Mingaladon,Urban,17.05639172,96.13250221,0,0.5505090900372683,0.0220203636014907,153.92820252756172,0.0610062178580917,1.0,0.6366990731428341,0.0,0.945504860971425,0.0544951390285749,2.138648901518068,MMR013002702,86962.92659306526,0.8724723709790034,5993,17.053555,96.128258,Mingaladon,Telenor,UMTS,2,0.5505090900376963,12.0,0.2972972972972973
122,Shwepyithar,Oke Hpo,16.97570696,96.10166149,1,0.8636458544856034,0.0345458341794241,152.42816232870214,0.0625365990810468,0.9381271323357102,0.7094654489383339,0.0,0.9038278798261038,0.0961721201738962,28.51533185337389,MMR013007001,33141.328764915466,0.7984690218176316,7065,16.973190307617,96.093978881836,Shwepyithar,Telenor,UMTS,1,0.8636458544851718,16.0,0.40540540540540543
123,Shwepyithar,Zee Kone,16.95102978,96.10566202,1,0.5127477916559302,0.0205099116662372,151.61999778571578,0.0631645054397106,0.9011493283808322,0.7393210622806644,0.0,0.876875088465807,0.123124911534193,28.077468372987124,MMR013007002,20129.42375946045,0.7602216920083363,7033,16.951217651367,96.100845336914,Shwepyithar,Telenor,UMTS,1,0.5127477916554216,13.0,0.32432432432432434
124,Shwepyithar,Kyaung Kone,17.0081661,96.09542774,1,1.518297920424779,0.0607319168169911,153.90356077070317,0.0614482740691484,1.0,0.6577179068125089,0.0,0.9486576860218764,0.0513423139781237,29.414049718691327,MMR013007003,16246.053363084791,0.743780574736303,7077,17.011642456055,96.081619262695,Shwepyithar,Ooredoo,UMTS,1,1.5182979204245832,15.0,0.3783783783783784
125,Shwepyithar,Hlaw Kar,17.01200933,96.08271571,1,0.1235161214863703,0.0049406448594548,153.90356077070317,0.0614482740691484,1.0,0.6577179068125089,0.0,0.9486576860218764,0.0513423139781237,26.066573401239147,MMR013007004,19049.749890327454,0.7559928422742992,7077,17.011642456055,96.081619262695,Shwepyithar,Ooredoo,UMTS,1,0.1235161214866402,10.0,0.24324324324324326
126,Shwepyithar,Urban,16.97406606,96.06793457,0,0.151393433265538,0.0060557373306215,153.11272681095676,0.0621914712401323,0.969449579526654,0.6930553533407269,0.0,0.9279904455987648,0.0720095544012351,1.4434875558558182,MMR013007701,330207.52746629715,0.974824801918248,7066,16.974563598633,96.069259643555,Shwepyithar,MPT,UMTS,2,0.1513934332657266,5.0,0.10810810810810811
127,Thingangyun,Urban,16.82975272,96.19534226,0,0.1301871708131813,0.0052074868325272,145.8921799519571,0.067493423622294,0.6390713557896037,0.9451519249029724,0.0,0.684983441156609,0.3150165588433909,5.0376975926025,MMR013009701,261704.23359298703,0.9569886784860032,8125,16.830826,96.195831,Thingangyun,MPT,UMTS,1,0.1301871708129605,11.0,0.2702702702702703
128,Yankin,Urban,16.83733177,96.16409074,0,0.0133807960627707,0.0005352318425108,146.99191849707637,0.0668951353775383,0.6893902131014732,0.916704589952105,0.0,0.7234873696290679,0.2765126303709321,4.179803366114631,MMR013010701,90986.3154296875,0.8759418330588629,8461,16.83723449707,96.164016723633,Yankin,Ooredoo,UMTS,1,0.0133807960628805,16.0,0.40540540540540543
129,South Okkalapa,Urban,16.84936123,96.18315896,0,0.0988609911939776,0.0039544396477591,146.68841840937353,0.0668458821640913,0.6755034782270463,0.9143627042931184,0.0,0.711332362136957,0.2886676378630429,4.567280946811191,MMR013011701,184458.9551010132,0.9301556257545296,7181,16.848644,96.18261,South Okkalapa,Ooredoo,UMTS,1,0.0988609911938871,11.0,0.2702702702702703
130,North Okkalapa,Urban,16.91598129,96.15940276,0,0.2226468913427304,0.0089058756537092,148.97380052544094,0.064801147523474,0.7800718023181356,0.8171399162521545,0.0,0.7856320194082383,0.2143679805917616,3.749872248098978,MMR013012701,409689.28976488113,0.9913699720667644,6487,16.916885375977,96.161270141602,North Okkalapa,Ooredoo,UMTS,1,0.2226468913424485,10.0,0.24324324324324326
131,Thaketa,Urban,16.79600134,96.21187724,0,0.3519112702335995,0.0140764508093439,144.67857677491958,0.0685893348590893,0.5835425890935522,0.997260175905406,0.0,0.6456002271153303,0.3543997728846697,6.1605836418306845,MMR013013701,268346.30924606323,0.9589113485851536,7707,16.798782348633,96.213455200195,Thaketa,Ooredoo,UMTS,1,0.3519112702336208,9.0,0.21621621621621623
132,Dawbon,Urban,16.79077459,96.19083645,0,0.1903455392908856,0.0076138215716354,145.2025658237432,0.068480975815155,0.6075178605776297,0.992107933579443,0.0,0.6652063715279017,0.3347936284720982,5.4787337213796,MMR013014701,88248.31468200684,0.8735979403904808,1806,16.791916,96.192169,Dawbon,MPT,GSM,1,0.1903455392907909,6.0,0.13513513513513514
133,Tamwe,Urban,16.80945538,96.17881381,0,0.0479192223225324,0.0019167688929012,145.9578207960682,0.0678250393382897,0.6420747717227053,0.9609195476677344,0.0,0.6899014881144596,0.3100985118855404,4.766483811857183,MMR013015701,196897.22690582275,0.9351614798537712,7473,16.809768676758,96.179122924805,Tamwe,"MPT, Telenor",UMTS,2,0.0479192223232866,10.0,0.24324324324324326
134,Pazundaung,Urban,16.77798594,96.17457491,0,0.0318222800276511,0.001272891201106,145.44902307309366,0.0686170384170594,0.6187945837756839,0.9985774212295662,0.0,0.6757620093937662,0.3242379906062338,4.93994333115987,MMR013016701,60079.02268218994,0.8441027941754825,6729,16.777886,96.174855,Pazundaung,MPT,GSM,1,0.0318222800275875,11.0,0.2702702702702703
135,Botahtaung,Urban,16.77308675,96.17399623,0,0.0589092075105902,0.0023563683004236,145.3846208389723,0.0687393732608845,0.615847840803274,1.0,0.0,0.6734706646827829,0.326529335317217,5.039322127783672,MMR013017701,51358.978723526,0.8320728546027031,760,16.772689819336,96.173629760742,Botahtaung,Telenor,UMTS,1,0.0589092075110851,10.0,0.24324324324324326
136,Dagon Myothit (South),Urban,16.91666975,96.27398777,0,0.7859597054292853,0.0314383882171714,145.48370192002847,0.0660552793406177,0.6203813245136505,0.8767712197042125,0.0,0.6588398087922348,0.3411601912077652,7.003706161146763,MMR013018701,458471.1501914263,1.0,1753,16.923693,96.273155,Dagon Myothit (South),Telenor,UMTS,1,0.7859597054291366,9.0,0.21621621621621623
137,Dagon Myothit (North),Urban,16.88624791,96.17984169,0,0.0899039350541107,0.0035961574021644,147.6795366115084,0.0658088486934969,0.7208523801217355,0.8650539659853692,0.0,0.7424826180012805,0.2575173819987195,4.078530174110659,MMR013019701,249781.11652183533,0.953411581327932,1507,16.886672973633,96.179122924805,Dagon Myothit (North),MPT,UMTS,1,0.0899039350535575,5.0,0.10810810810810811
138,Dagon Myothit (East),Shan Te Gyi (East),17.00595459,96.28308528,1,1.84797302087322,0.0739189208349288,146.5542383272701,0.0643520784033837,0.6693640295049638,0.7957876336571368,0.0,0.6883275701277897,0.3116724298722103,34.11022169817888,MMR013020001,3926.738680362701,0.6348602543748951,1266,17.002029418945,96.29997253418,Dagon Myothit (East),MPT,UMTS,1,1.847973020872539,5.0,0.10810810810810811
139,Dagon Myothit (East),Ma Lit (East),16.98255548,96.2742799,1,2.162494332019324,0.0864997732807729,146.80737725770476,0.0648878743300186,0.6809464749663434,0.8212635916487856,0.0,0.7019940424687098,0.2980059575312902,34.660075759815726,MMR013020002,5409.27395260334,0.6594264056823325,1261,16.964950561523,96.265640258789,Dagon Myothit (East),Ooredoo,UMTS,3,2.162494332019369,6.0,0.13513513513513514
140,Dagon Myothit (East),Lay Daunt Kan (East),16.98305622,96.29582444,1,0.6565217423511409,0.0262608696940456,145.92348869677863,0.064954659296517,0.6405038965241994,0.8244390749184569,0.0,0.668094173283338,0.331905826716662,31.55423958239267,MMR013020003,1959.152185201645,0.5815417403206323,1264,16.97868347168,96.29997253418,Dagon Myothit (East),MPT,UMTS,1,0.6565217423515827,9.0,0.21621621621621623
141,Dagon Myothit (East),Urban,16.92230152,96.22858784,0,1.5560483441897537,0.0622419337675901,147.16583976996927,0.0652386165627581,0.6973480315784525,0.8379406396496739,0.0,0.7184369227891357,0.2815630772108642,7.957962184218373,MMR013020701,191465.10406780243,0.933015351390866,1254,16.935608,96.233116,Dagon Myothit (East),MPT,UMTS,6,1.5560483441897963,7.0,0.16216216216216217
142,Dagon Myothit (Seikkan),Urban,16.87822373,96.29035613,0,1.4707487274122022,0.058829949096488,144.00330698588436,0.0675531753004215,0.5526454232969363,0.947992990253106,0.0,0.6119475583403617,0.3880524416596382,9.35058357068386,MMR013021701,209398.80838489527,0.9398837898279854,1634,16.870193481445,96.279373168945,Dagon Myothit (Seikkan),MPT,GSM,1,1.4707487274122182,8.0,0.1891891891891892
143,Dagon Myothit (Seikkan),Urban (unnamed),16.80561843,96.25601972,0,1.071397648902688,0.0428559059561075,143.26606889438358,0.0689468010674265,0.5189128797794407,1.0,0.0,0.5910759478125246,0.4089240521874754,8.70521514017858,MMR013021800,443.0936622619629,0.4676432117756451,1591,16.811141967773,96.264266967773,Dagon Myothit (Seikkan),Ooredoo,UMTS,1,1.071397648902881,6.0,0.13513513513513514
144,Mingalartaungnyunt,Urban,16.793927,96.18401195,0,0.0957391774661109,0.0038295670986444,145.4590243698951,0.0683398948683068,0.6192521960226304,0.9853998342889194,0.0,0.6741743417625737,0.3258256582374262,5.11715889948006,MMR013022701,162757.9174041748,0.9205540887064442,6272,16.79328918457,96.184616088867,Mingalartaungnyunt,"MPT, Telenor",UMTS,2,0.0957391774656894,8.0,0.1891891891891892
145,Dala,Rakhine Chaung (South),16.64610237,96.16728029,1,3.632721830054596,0.1453088732021838,144.35092924848715,0.0717407935705692,0.5685509811297226,1.0,0.0,0.6332683339602642,0.3667316660397358,39.219507382727066,MMR013030001,2792.73135972023,0.6087253376286305,1765,16.641315,96.13355,Dala,MPT,UMTS,1,3.6327218300552393,7.0,0.16216216216216217
146,Dala,Rakhine Chaung (North),16.6502219,96.1935247,1,6.4657293074201,0.258629172296804,144.35092924848715,0.0717407935705692,0.5685509811297226,1.0,0.0,0.6332683339602642,0.3667316660397358,46.01872532840427,MMR013030002,2815.216700077057,0.6093402880374764,1765,16.641315,96.13355,Dala,MPT,UMTS,1,6.465729307420584,7.0,0.16216216216216217
147,Dala,Da Noke San Pya,16.6109387,96.21245842,1,6.5705709654647455,0.2628228386185898,140.41447731963143,0.0737404939780175,0.38843747705895,1.0,0.0,0.4801718555001074,0.5198281444998926,48.56679248461377,MMR013030003,9240.906937122343,0.7005020954078337,4202,16.640853881836,96.265640258789,Kyauktan,MPT,UMTS,1,6.5705709654646665,8.0,0.1891891891891892
148,Dala,Nyaung Chaung,16.63847928,96.20521698,1,5.979153988636769,0.2391661595454707,141.23041475785288,0.0727495095052878,0.4257709320983249,1.0,0.0,0.5119052922835762,0.4880947077164238,46.67139018847461,MMR013030004,7792.050709962845,0.6874213684989487,4208,16.668319702148,96.251907348633,Kyauktan,MPT,UMTS,1,5.979153988635808,6.0,0.13513513513513514
149,Dala,Tone Tin Gan (South),16.65595629,96.22027715,1,3.63910793972386,0.1455643175889544,141.23041475785288,0.0727495095052878,0.4257709320983249,1.0,0.0,0.5119052922835762,0.4880947077164238,41.055279671083625,MMR013030005,6374.033004999161,0.6720141537233181,4208,16.668319702148,96.251907348633,Kyauktan,MPT,UMTS,1,3.639107939723485,7.0,0.16216216216216217
150,Dala,Tone Tin Gan (North),16.67363072,96.18836785,1,5.592054721456519,0.2236821888582607,142.07649209217834,0.0718291180448283,0.4644834468589242,1.0,0.0,0.5448109298300855,0.4551890701699145,45.24876738404436,MMR013030006,5540.009498119354,0.6612580723370899,7799,16.69303894043,96.236801147461,Thanlyin,MPT,UMTS,1,5.592054721456224,7.0,0.16216216216216217
151,Dala,Boe Hpyu Chaung,16.61554359,96.17962644,1,5.684395153905194,0.2273758061562077,144.35092924848715,0.0717407935705692,0.5685509811297226,1.0,0.0,0.6332683339602642,0.3667316660397358,44.1435233599685,MMR013030007,2863.419256210327,0.6106421971830593,1765,16.641315,96.13355,Dala,MPT,UMTS,1,5.684395153904962,5.0,0.10810810810810811
152,Dala,Kha Naung (Ywar Ma),16.69111749,96.19147367,1,4.832535323744748,0.1933014129497899,142.07649209217834,0.0718291180448283,0.4644834468589242,1.0,0.0,0.5448109298300855,0.4551890701699145,43.42592082953611,MMR013030008,5314.17217206955,0.6580659581164423,7799,16.69303894043,96.236801147461,Thanlyin,MPT,UMTS,1,4.832535323744161,4.0,0.08108108108108109
153,Dala,Kha Naung (Upper),16.69588196,96.16521653,1,4.1041211646110085,0.1641648465844403,145.16071967715675,0.0695875359158148,0.6056031779574006,1.0,0.0,0.6647627012637906,0.3352372987362094,39.87845027610956,MMR013030009,3133.389264345169,0.6175516096797582,1766,16.731492,96.155082,Dala,MPT,UMTS,1,4.104121164611029,5.0,0.10810810810810811
154,Dala,Kha Naung (Shan Su),16.71819507,96.18742907,1,3.748592647573021,0.1499437059029208,145.16071967715675,0.0695875359158148,0.6056031779574006,1.0,0.0,0.6647627012637906,0.3352372987362094,39.02518183521839,MMR013030010,3663.2884373664856,0.62953411647909,1766,16.731492,96.155082,Dala,MPT,UMTS,1,3.748592647572644,6.0,0.13513513513513514
155,Dala,Ta Dar Chaung,16.74016509,96.17469536,1,2.3004436122609024,0.092017744490436,145.16071967715675,0.0695875359158148,0.6056031779574006,1.0,0.0,0.6647627012637906,0.3352372987362094,35.54962415046931,MMR013030011,11766.183658123016,0.7190332986049764,1766,16.731492,96.155082,Dala,MPT,UMTS,1,2.300443612260864,7.0,0.16216216216216217
156,Dala,Ye Chaung,16.72090599,96.16314077,1,1.456732882323605,0.0582693152929442,145.16071967715675,0.0695875359158148,0.6056031779574006,1.0,0.0,0.6647627012637906,0.3352372987362094,33.5247183986198,MMR013030012,5286.749231100082,0.6576691444705821,1766,16.731492,96.155082,Dala,MPT,UMTS,1,1.4567328823238788,3.0,0.05405405405405406
157,Dala,Tha Pyay Kone,16.74141162,96.14077078,1,1.8812209369541133,0.0752488374781645,145.16071967715675,0.0695875359158148,0.6056031779574006,1.0,0.0,0.6647627012637906,0.3352372987362094,34.54348972973302,MMR013030013,16218.862109184263,0.7436520799667594,1766,16.731492,96.155082,Dala,MPT,UMTS,1,1.8812209369541584,4.0,0.08108108108108109
158,Dala,Nyaung Ngoke To,16.73008088,96.12517837,1,3.1882401928764543,0.1275296077150581,145.16071967715675,0.0695875359158148,0.6056031779574006,1.0,0.0,0.6647627012637906,0.3352372987362094,37.68033594394664,MMR013030014,9077.41899061203,0.6991329132994605,1766,16.731492,96.155082,Dala,MPT,UMTS,1,3.188240192876425,1.0,0.0
159,Dala,Htaw (Lower),16.72872465,96.09364707,1,3.872064405657348,0.1548825762262939,147.3648681899292,0.068609271800171,0.7064546348792263,0.998208135097012,0.0,0.7502176599118942,0.2497823400881058,38.03968967489922,MMR013030015,3348.8663363456726,0.6226519366848823,8277,16.716384887695,96.059646606445,Twantay,Telenor,UMTS,1,3.872064405657013,4.0,0.08108108108108109
160,Dala,Ye Chaung Wa,16.70734175,96.14136593,1,3.0569445815069387,0.1222777832602775,145.16071967715675,0.0695875359158148,0.6056031779574006,1.0,0.0,0.6647627012637906,0.3352372987362094,37.3652264766598,MMR013030016,3971.539155721664,0.6357303000571916,1766,16.731492,96.155082,Dala,MPT,UMTS,1,3.0569445815070395,7.0,0.16216216216216217
161,Dala,Pyawbwe Gyi,16.68521511,96.13418763,1,4.881948798906269,0.1952779519562507,144.35092924848715,0.0717407935705692,0.5685509811297226,1.0,0.0,0.6332683339602642,0.3667316660397358,42.21765210797109,MMR013030017,4979.798761606216,0.6530815416316182,1765,16.641315,96.13355,Dala,MPT,UMTS,1,4.881948798906123,5.0,0.10810810810810811
162,Dala,Shwe Hlay Chaung,16.66704433,96.15260603,1,3.508031773425485,0.1403212709370194,144.35092924848715,0.0717407935705692,0.5685509811297226,1.0,0.0,0.6332683339602642,0.3667316660397358,38.9202512468172,MMR013030018,6634.740484714508,0.6750888742971229,1765,16.641315,96.13355,Dala,MPT,UMTS,1,3.5080317734252278,5.0,0.10810810810810811
163,Dala,Nyaung Pin,16.6291164,96.14536142,1,1.8502607809462683,0.0740104312378507,144.35092924848715,0.0717407935705692,0.5685509811297226,1.0,0.0,0.6332683339602642,0.3667316660397358,34.94160086486708,MMR013030019,2908.8391926288605,0.6118490558237009,1765,16.641315,96.13355,Dala,MPT,UMTS,1,1.8502607809460725,2.0,0.02702702702702703
164,Dala,Kywe Lu Aing,16.62360188,96.1178349,1,2.585101748301777,0.103404069932071,144.35092924848715,0.0717407935705692,0.5685509811297226,1.0,0.0,0.6332683339602642,0.3667316660397358,36.705219186520296,MMR013030020,2559.7075406312943,0.6020440849406068,1765,16.641315,96.13355,Dala,MPT,UMTS,1,2.5851017483015317,4.0,0.08108108108108109
165,Dala,Than Ban Chaung,16.66062288,96.11364426,1,3.017669995636806,0.1207067998254722,144.35092924848715,0.0717407935705692,0.5685509811297226,1.0,0.0,0.6332683339602642,0.3667316660397358,37.743382980124366,MMR013030021,3708.3421436548233,0.6304715742122171,1765,16.641315,96.13355,Dala,MPT,UMTS,1,3.01766999563608,6.0,0.13513513513513514
166,Dala,Htu Gyi,16.7062626,96.10758375,1,5.227851845203336,0.2091140738081334,147.3648681899292,0.068609271800171,0.7064546348792263,0.998208135097012,0.0,0.7502176599118942,0.2497823400881058,41.29357952980959,MMR013030022,15025.640870571136,0.7377903212316919,8277,16.716384887695,96.059646606445,Twantay,Telenor,UMTS,1,5.2278518452033005,6.0,0.13513513513513514
167,Dala,Tha Yaw Tan,16.6610959,96.08419836,1,5.699100626504212,0.2279640250601684,144.35092924848715,0.0717407935705692,0.5685509811297226,1.0,0.0,0.6332683339602642,0.3667316660397358,44.17881649420615,MMR013030023,3199.506484270096,0.6191529661744007,1765,16.641315,96.13355,Dala,MPT,UMTS,1,5.699100626503402,5.0,0.10810810810810811
168,Dala,Urban,16.75130616,96.15496245,0,0.7766329561787508,0.03106531824715,145.70008555460578,0.0688427766072392,0.6302820207120715,1.0,0.0,0.6857397176052608,0.3142602823947392,6.577823330750091,MMR013030701,72262.45491790771,0.8582671115299555,1768,16.758041,96.15303,Dala,MPT,GSM,1,0.7766329561786403,6.0,0.13513513513513514
169,Seikgyikanaungto,Urban,16.76649676,96.11040694,0,1.960169390946604,0.0784067756378641,146.8838455658222,0.0679005429329859,0.6844453046673838,0.9645095831851402,0.0,0.7264549464450473,0.2735450535549527,8.80758234159614,MMR013031701,41585.47145652771,0.8158800097548238,1,16.778182983398,96.12419128418,Ahlone,MPT,UMTS,1,1.9601693909466016,3.0,0.05405405405405406
170,Kyauktada,Urban,16.7743332,96.16131697,0,0.0304509226109328,0.0012180369044373,145.77066752098642,0.0685295907086946,0.6335115191331836,0.994419468482968,0.0,0.6876477115356512,0.3123522884643488,4.758366541231471,MMR013033701,40514.22868728638,0.8138780398542991,4130,16.774063055176,96.161270070801,Kyauktada,"MPT, Telenor","GSM, UMTS",2,0.030450922611059,19.0,0.4864864864864865
171,Pabedan,Urban,16.77548142,96.15572775,0,0.0072474601967466,0.0002898984078698,145.95434637514074,0.0684160038110503,0.64191579858162,0.989018652819883,0.0,0.6939812267173593,0.3060187732826407,4.6076755037118025,MMR013034701,33605.208267211914,0.7995352927412258,6614,16.775436401367,96.155776977539,Pabedan,"MPT, Ooredoo, Telenor","LTE, UMTS",6,0.0072474601966667,19.0,0.4864864864864865
172,Lanmadaw,Urban,16.7761608,96.14191474,0,0.0734555616651582,0.0029382224666063,146.36755159826922,0.068187139063966,0.6608221238672048,0.9781366203283192,0.0,0.708419298336372,0.291580701663628,4.5500038729508,MMR013035701,59958.0062417984,0.8439481195078617,4376,16.776809692383,96.142044067383,Lanmadaw,"MPT, Ooredoo","GSM, UMTS",3,0.0734555616650218,15.0,0.3783783783783784
173,Latha,Urban,16.77616556,96.15051864,0,0.0353432224154807,0.0014137288966192,146.12033014355058,0.0683164651804324,0.6495104342300366,0.9842858024077964,0.0,0.6997267394567006,0.3002732605432994,4.588922641946644,MMR013036701,34714.665451049805,0.8020269373627957,4532,16.776466,96.150627,Latha,MPT,GSM,1,0.0353432224157898,14.0,0.35135135135135137
174,Ahlone,Urban,16.7855142,96.12699724,0,0.1012215518620604,0.0040488620744824,146.9734361380468,0.0677215520681344,0.6885445473830863,0.9559989478346876,0.0,0.7286627074508265,0.2713372925491735,4.312991112706547,MMR013037701,64355.95393753052,0.8493781415531859,49,16.786422729492,96.126937866211,Ahlone,MPT,UMTS,2,0.1012215518622034,8.0,0.1891891891891892
175,Kyeemyindaing,Urban,16.80646533,96.0925976,0,3.038666535753365,0.1215466614301346,147.7278944870838,0.0669065195477469,0.7230650087976899,0.9172458830593992,0.0,0.7521921399369462,0.2478078600630537,11.00991758675388,MMR013038701,143883.7867217064,0.9110986999182552,4291,16.813888549805,96.120071411133,Kyeemyindaing,Telenor,UMTS,1,3.0386665357527,3.0,0.05405405405405406
176,Sanchaung,Urban,16.80699137,96.13353216,0,0.0291710396949255,0.001166841587797,147.2069711169735,0.0672750863136492,0.6992300083356887,0.9347704497432432,0.0,0.7345610745468218,0.2654389254531781,4.051594377065493,MMR013039701,121193.60218811037,0.8979336266520769,6910,16.807022094727,96.133804321289,Sanchaung,"MPT, Ooredoo","GSM, UMTS",6,0.0291710396952788,23.0,0.5945945945945946
177,Hlaing,Urban,16.84693303,96.12088316,0,0.0605355614899995,0.0024214224595999,148.4174775437042,0.0660707545412654,0.7546170823198572,0.8775070326173319,0.0,0.7730505748644785,0.2269494251355215,3.5495267246088216,MMR013040701,195193.75979995728,0.9344949117113428,2097,16.846848,96.121445,Hlaing,Ooredoo,UMTS,1,0.0605355614897526,10.0,0.24324324324324326
178,Kamaryut,Urban,16.82329337,96.13152672,0,0.0201403190224274,0.000805612760897,147.61669283198893,0.0668201375558137,0.717976944693366,0.9131386028649668,0.0,0.7472511934191062,0.2527488065808938,3.8395688643672337,MMR013041701,103161.45930862428,0.8855757882548649,3790,16.823158,96.131401,Kamaryut,"MPT, Telenor","GSM, UMTS",2,0.0201403190217971,24.0,0.6216216216216216
179,Mingaladon,Urban,16.93492511,96.13985731,0,0.144733691251608,0.0057893476500643,150.1276787581965,0.0640322481838148,0.8328678368001342,0.7805803862087101,0.0,0.8250247192114205,0.1749752807885795,2.971990070832552,MMR013042701,179535.27308034897,0.928080154379893,5678,16.936111450195,96.139297485352,Mingaladon,Ooredoo,UMTS,1,0.1447336912515696,9.0,0.21621621621621623
180,Mayangone,Urban,16.85931953,96.15344248,0,0.0455979380467355,0.0018239175218694,147.80908107410193,0.0661750866369005,0.726779724723519,0.8824678021070788,0.0,0.7501329363310529,0.249867063668947,3.857441006346371,MMR013042701,237713.2495422364,0.9496127937382128,4832,16.85920715332,96.153030395508,Mayangone,MPT,UMTS,1,0.0455979380470306,38.0,1.0
181,Dagon,Urban,16.79300305,96.14449028,0,0.0451078952513629,0.0018043158100545,146.61841682224878,0.0677886646684003,0.6723005352277602,0.9591900093939342,0.0,0.7153339563526863,0.2846660436473137,4.378249603312977,MMR013043701,31955.389070510864,0.7956736771427676,1012,16.79328918457,96.144790649414,Dagon,MPT,UMTS,1,0.0451078952508037,32.0,0.8378378378378378
182,Bahan,Urban,16.81105267,96.15700645,0,0.1053304495421052,0.0042132179816842,146.6668869707177,0.0674700720449623,0.6745183009826462,0.9440416070122052,0.0,0.71494679688708,0.28505320311292,4.528591125594853,MMR013044701,119901.92094802856,0.8971116416339284,409,16.811228,96.156034,Bahan,MPT,GSM,1,0.1053304495421358,35.0,0.918918918918919
183,Hlaingtharya (East),Shwe Lin Ban,16.90133487,96.0646035,1,0.2865695715634848,0.0114627828625393,151.22503945505105,0.0639128556093153,0.8830778949723599,0.7749035229455488,0.0,0.8668517391683381,0.1331482608316618,27.68499088422729,MMR013046001,41930.93437576294,0.8165146372191302,2525,16.90315246582,96.066513061523,Hlaingtharya (East),MPT,"GSM, UMTS",3,0.286569571562857,3.0,0.05405405405405406
184,Hlaingtharya (East),Ka Sin,16.9011134,96.07938109,1,0.6775791658042891,0.0271031666321715,151.05246737468158,0.0640030564309988,0.8751818091920968,0.7791923803813523,0.0,0.860783394870485,0.1392166051295149,28.714439074873017,MMR013046002,17317.939235687256,0.748681678380098,2526,16.90315246582,96.073379516602,Hlaingtharya (East),"MPT, Telenor","GSM, UMTS",4,0.6775791658044736,4.0,0.08108108108108109
185,Hlaingtharya (East),Shan Chaung,16.85309548,96.09495351,1,0.2445613722730866,0.0097824548909234,149.34254305718054,0.0654892610706619,0.7969437242142714,0.8498582534962341,0.0,0.8048809036065657,0.1951190963934342,28.513733739356923,MMR013046003,5193.386100769043,0.6563025669564826,2364,16.855087280273,96.093978881836,Hlaingtharya (East),"MPT, Ooredoo",UMTS,2,0.2445613722724561,7.0,0.16216216216216217
186,Hlaingtharya (East),Yae Oke Kan,16.85632028,96.06057978,1,0.3745464838426476,0.0149818593537059,150.23890643542046,0.064959244745764,0.8379570915545501,0.8246571032881851,0.0,0.8359620933145954,0.1640379066854046,28.359480161503427,MMR013046004,88879.34617233276,0.8741445266652724,2388,16.85920715332,96.062393188477,Hlaingtharya (East),MPT,UMTS,2,0.3745464838427335,8.0,0.1891891891891892
187,Hlaingtharya (East),Nyaung,16.84263279,96.08609244,1,0.1675265218033134,0.0067010608721325,149.3010221091763,0.0656582844322742,0.7950439211498512,0.857894955244016,0.0,0.8044715762639759,0.195528423736024,28.33499000836831,MMR013046005,115215.51576042175,0.8940531593530767,2342,16.844100952148,96.085739135742,Hlaingtharya (East),Ooredoo,UMTS,1,0.1675265218031869,5.0,0.10810810810810811
188,Hlaingtharya (East),Urban,16.87528089,96.07050431,0,0.1507760094520362,0.0060310403780814,150.378007634219,0.0646971385000903,0.8443217074037601,0.8121945081615842,0.0,0.8395026275174337,0.1604973724825663,2.769323009923382,MMR013046701,225141.01750183103,0.9454443857147998,2481,16.874567,96.071709,Hlaingtharya (East),MPT,GSM,1,0.1507760094510489,11.0,0.2702702702702703
189,Hlaingtharya (West),Ah Lel,16.91741551,96.06587088,1,0.1218167862921591,0.0048726714516863,151.6536225745291,0.0635199373647129,0.9026878403825692,0.756221095185204,0.0,0.8807178286029644,0.1192821713970355,27.08159285805672,MMR013047001,72086.74953079224,0.8580803609225062,2618,16.918258666992,96.065139770508,Hlaingtharya (West),Telenor,GSM,1,0.1218167862920815,5.0,0.10810810810810811
190,Hlaingtharya (West),Ku Lar Gyi Su,16.89064471,96.02314735,1,1.147751730039689,0.0459100692015875,152.00737064661817,0.0635262132888042,0.9188736864118804,0.7565195020422955,0.0,0.8945205587564427,0.1054794412435573,29.336795770748616,MMR013047002,34640.004613399506,0.801861778480323,2606,16.899032592773,96.029434204102,Hlaingtharya (West),MPT,UMTS,1,1.147751730039547,1.0,0.0
191,Hlaingtharya (West),Ah Twin Pa Dan,16.87420464,96.01734258,1,0.6339070877941068,0.0253562835117642,151.7699550987333,0.0638547613787232,0.9080106688968016,0.7721412657044099,0.0,0.8876302584179429,0.1123697415820571,28.20692313443672,MMR013047003,41913.47376155853,0.8164826871204702,2564,16.879806518555,96.018447875977,Hlaingtharya (West),"Ooredoo, Telenor",UMTS,2,0.633907087793962,1.0,0.0
192,Hlaingtharya (West),Ah Pyin Pa Dan,16.85950145,96.01914295,1,0.7707030459360465,0.0308281218374418,151.12793533189836,0.0645178168838154,0.8786348675464325,0.8036681462836474,0.0,0.8673898593570146,0.1326101406429853,28.838839419891293,MMR013047004,18150.54327392578,0.7522837168182993,2529,16.852707,96.017712,Hlaingtharya (West),Ooredoo,UMTS,1,0.7707030459361487,2.0,0.02702702702702703
193,Hlaingtharya (West),Urban,16.89266051,96.05018514,0,0.6657886393432869,0.0266315455737314,151.57014202003663,0.0637975207739702,0.8988681633070815,0.7694195965583546,0.0,0.8794508782947724,0.1205491217052275,3.4061295600023023,MMR013047701,158679.8282880783,0.9186074848369716,2605,16.896664,96.045532,Hlaingtharya (West),Telenor,UMTS,3,0.6657886393431525,7.0,0.16216216216216217
