time,place,status,tsunami,significance,data_type,magnitudo,state,longitude,latitude,depth,date
635510397250,"66 km W of Myanaung, Myanmar",reviewed,0,369,earthquake,4.9, Myanmar,94.705,18.175,44.4,1990-02-20 10:39:57.250000+00:00
640704452750,"35 km SSW of Bogale, Myanmar",reviewed,0,259,earthquake,4.1, Myanmar,95.223,16.019,33.0,1990-04-21 13:27:32.750000+00:00
646905080230,"138 km SSW of Bogale, Myanmar",reviewed,0,284,earthquake,4.3, Myanmar,94.836,15.171,33.0,1990-07-02 07:51:20.230000+00:00
646922513390,"26 km SE of Pyinmana, Myanmar",reviewed,0,246,earthquake,4.0, Myanmar,96.383,19.56,33.0,1990-07-02 12:41:53.390000+00:00
648936617420,"77 km WNW of Hinthada, Myanmar",reviewed,0,354,earthquake,4.8, Myanmar,94.744,17.791,33.0,1990-07-25 20:10:17.420000+00:00
662520654590,"174 km SSW of Mawlamyinegyunn, Myanmar",reviewed,0,312,earthquake,4.5, Myanmar,94.376,15.052,33.0,1990-12-30 01:30:54.590000+00:00
665494545720,"29 km SSW of Chauk, Myanmar",reviewed,0,298,earthquake,4.4, Myanmar,94.666,20.679,112.7,1991-02-02 11:35:45.720000+00:00
670050016880,"85 km SE of Pyapon, Myanmar",reviewed,0,312,earthquake,4.5, Myanmar,96.188,15.693,33.0,1991-03-27 05:00:16.880000+00:00
670098658840,"58 km S of Pyapon, Myanmar",reviewed,0,284,earthquake,4.3, Myanmar,95.705,15.755,33.0,1991-03-27 18:30:58.840000+00:00
670477984660,"60 km S of Pyapon, Myanmar",reviewed,0,554,earthquake,6.0, Myanmar,95.738,15.746,15.0,1991-04-01 03:53:04.660000+00:00
670484720880,"48 km S of Pyapon, Myanmar",reviewed,0,449,earthquake,5.4, Myanmar,95.701,15.844,12.7,1991-04-01 05:45:20.880000+00:00
672456843070,"102 km ESE of Taunggyi, Myanmar",reviewed,0,298,earthquake,4.4, Myanmar,97.972,20.499,33.0,1991-04-24 01:34:03.070000+00:00
676695921300,"169 km SSE of Pyapon, Myanmar",reviewed,0,416,earthquake,5.2, Myanmar,96.327,14.892,10.0,1991-06-12 03:05:21.300000+00:00
685058517330,"55 km S of Sittwe, Myanmar",reviewed,0,246,earthquake,4.0, Myanmar,92.994,19.652,33.0,1991-09-16 22:01:57.330000+00:00
693767120910,"90 km S of Thongwa, Myanmar",reviewed,0,199,earthquake,3.6, Myanmar,96.548,15.939,33.0,1991-12-26 17:05:20.910000+00:00
694283897250,"221 km S of Pyapon, Myanmar",reviewed,0,259,earthquake,4.1, Myanmar,96.056,14.316,33.0,1992-01-01 16:38:17.250000+00:00
695948985520,"263 km SW of Mawlamyinegyunn, Myanmar",reviewed,0,326,earthquake,4.6, Myanmar,93.7,14.538,44.3,1992-01-20 23:09:45.520000+00:00
696203293880,"34 km ESE of Yenangyaung, Myanmar",reviewed,0,312,earthquake,4.5, Myanmar,95.19,20.377,33.0,1992-01-23 21:48:13.880000+00:00
698179869780,"90 km E of Sittwe, Myanmar",reviewed,0,222,earthquake,3.8, Myanmar,93.76,20.124,33.0,1992-02-15 18:51:09.780000+00:00
701682822470,"99 km W of Yenangyaung, Myanmar",reviewed,0,259,earthquake,4.1, Myanmar,93.916,20.462,50.0,1992-03-27 07:53:42.470000+00:00
702324573900,"66 km S of Sittwe, Myanmar",reviewed,0,284,earthquake,4.3, Myanmar,93.004,19.553,33.0,1992-04-03 18:09:33.900000+00:00
704707785010,"81 km SW of Minbu, Myanmar",reviewed,0,326,earthquake,4.6, Myanmar,94.419,19.583,54.8,1992-05-01 08:09:45.010000+00:00
707742234790,"91 km WNW of Pyay, Myanmar",reviewed,0,312,earthquake,4.5, Myanmar,94.373,18.992,49.4,1992-06-05 11:03:54.790000+00:00
708801689230,"121 km WNW of Pathein, Myanmar",reviewed,0,298,earthquake,4.4, Myanmar,93.682,17.211,33.0,1992-06-17 17:21:29.230000+00:00
710440319970,"109 km WSW of Myanaung, Myanmar",reviewed,0,326,earthquake,4.6, Myanmar,94.308,18.072,33.0,1992-07-06 16:31:59.970000+00:00
711024288160,"31 km E of Pyay, Myanmar",reviewed,0,284,earthquake,4.3, Myanmar,95.517,18.868,33.0,1992-07-13 10:44:48.160000+00:00
713139392120,"136 km WNW of Dawei, Myanmar",reviewed,0,246,earthquake,4.0, Myanmar,97.026,14.561,24.1,1992-08-06 22:16:32.120000+00:00
718212008720,"5 km SSW of Magway, Myanmar",reviewed,0,312,earthquake,4.5, Myanmar,94.919,20.101,86.1,1992-10-04 15:20:08.720000+00:00
720255729310,"17 km WNW of Taungoo, Myanmar",reviewed,0,449,earthquake,5.4, Myanmar,96.277,19.004,33.8,1992-10-28 07:02:09.310000+00:00
722432566400,"56 km WSW of Yenangyaung, Myanmar",reviewed,0,416,earthquake,5.2, Myanmar,94.34,20.365,67.5,1992-11-22 11:42:46.400000+00:00
727213540760,"81 km SSE of Pyapon, Myanmar",reviewed,0,284,earthquake,4.3, Myanmar,95.93,15.587,33.0,1993-01-16 19:45:40.760000+00:00
732983048140,"44 km ESE of Sittwe, Myanmar",reviewed,0,284,earthquake,4.3, Myanmar,93.308,20.024,33.0,1993-03-24 14:24:08.140000+00:00
737347155650,"17 km N of Yenangyaung, Myanmar",reviewed,0,298,earthquake,4.4, Myanmar,94.845,20.62,33.0,1993-05-14 02:39:15.650000+00:00
737764267280,"33 km SW of Pathein, Myanmar",reviewed,0,234,earthquake,3.9, Myanmar,94.533,16.55,33.0,1993-05-18 22:31:07.280000+00:00
740417300570,"188 km S of Bogale, Myanmar",reviewed,0,312,earthquake,4.5, Myanmar,95.45,14.595,33.0,1993-06-18 15:28:20.570000+00:00
742962990190,"43 km SW of Myanaung, Myanmar",reviewed,0,259,earthquake,4.1, Myanmar,95.0,18.034,33.0,1993-07-18 02:36:30.190000+00:00
754394397190,"196 km W of Dawei, Myanmar",reviewed,0,271,earthquake,4.2, Myanmar,96.393,14.341,33.0,1993-11-27 09:59:57.190000+00:00
770220710960,"74 km W of Yenangyaung, Myanmar",reviewed,0,650,earthquake,6.5, Myanmar,94.16,20.556,35.6,1994-05-29 14:11:50.960000+00:00
770222154070,"91 km W of Yenangyaung, Myanmar",reviewed,0,326,earthquake,4.6, Myanmar,93.994,20.477,33.0,1994-05-29 14:35:54.070000+00:00
770223178660,"76 km W of Yenangyaung, Myanmar",reviewed,0,326,earthquake,4.6, Myanmar,94.144,20.53,33.0,1994-05-29 14:52:58.660000+00:00
771718572540,"84 km WSW of Chauk, Myanmar",reviewed,0,354,earthquake,4.8, Myanmar,94.052,20.65,76.2,1994-06-15 22:16:12.540000+00:00
777330165620,"32 km W of Nyaunglebin, Myanmar",reviewed,0,518,earthquake,5.8, Myanmar,96.415,17.974,12.3,1994-08-19 21:02:45.620000+00:00
785506196830,"231 km W of Dawei, Myanmar",reviewed,0,326,earthquake,4.6, Myanmar,96.045,14.161,33.0,1994-11-22 12:09:56.830000+00:00
785518715000,"274 km W of Dawei, Myanmar",reviewed,0,432,earthquake,5.3, Myanmar,95.689,13.661,33.0,1994-11-22 15:38:35+00:00
790853237410,"27 km S of Pyinmana, Myanmar",reviewed,0,400,earthquake,5.1, Myanmar,96.211,19.486,33.0,1995-01-23 09:27:17.410000+00:00
791503332110,"155 km W of Pyay, Myanmar",reviewed,0,385,earthquake,5.0, Myanmar,93.767,18.62,33.0,1995-01-30 22:02:12.110000+00:00
794533407460,"88 km ENE of Sittwe, Myanmar",reviewed,0,298,earthquake,4.4, Myanmar,93.602,20.586,40.0,1995-03-06 23:43:27.460000+00:00
799464783100,"152 km WSW of Dawei, Myanmar",reviewed,0,284,earthquake,4.3, Myanmar,96.971,13.386,33.0,1995-05-03 01:33:03.100000+00:00
800660885830,"28 km WSW of Nyaunglebin, Myanmar",reviewed,0,572,earthquake,6.1, Myanmar,96.457,17.899,11.4,1995-05-16 21:48:05.830000+00:00
816591944440,"15 km ESE of Nyaungdon, Myanmar",reviewed,0,298,earthquake,4.4, Myanmar,95.773,16.982,33.0,1995-11-17 07:05:44.440000+00:00
821201886270,"234 km WSW of Dawei, Myanmar",reviewed,0,234,earthquake,3.9, Myanmar,96.308,13.04,33.0,1996-01-09 15:38:06.270000+00:00
823522612090,"44 km NNE of Paungde, Myanmar",reviewed,0,284,earthquake,4.3, Myanmar,95.664,18.862,33.0,1996-02-05 12:16:52.090000+00:00
824368748400,"131 km SSE of Pyapon, Myanmar",reviewed,0,354,earthquake,4.8, Myanmar,96.257,15.234,13.8,1996-02-15 07:19:08.400000+00:00
827060695710,"36 km SSE of Kanbe, Myanmar",reviewed,0,259,earthquake,4.1, Myanmar,96.168,16.418,22.7,1996-03-17 11:04:55.710000+00:00
828020381400,"32 km NNE of Bago, Myanmar",reviewed,0,271,earthquake,4.2, Myanmar,96.597,17.609,33.0,1996-03-28 13:39:41.400000+00:00
831834585490,"17 km ENE of Yenangyaung, Myanmar",reviewed,0,298,earthquake,4.4, Myanmar,95.033,20.516,111.0,1996-05-11 17:09:45.490000+00:00
832978252490,"35 km SE of Chauk, Myanmar",reviewed,0,298,earthquake,4.4, Myanmar,95.093,20.713,124.7,1996-05-24 22:50:52.490000+00:00
840916960000,"99 km ESE of Taunggyi, Myanmar",reviewed,0,298,earthquake,4.4, Myanmar,97.935,20.489,33.0,1996-08-24 20:02:40+00:00
847704147760,"17 km W of Thayetmyo, Myanmar",reviewed,0,554,earthquake,6.0, Myanmar,95.013,19.33,80.0,1996-11-11 09:22:27.760000+00:00
848068694580,"121 km S of Sittwe, Myanmar",reviewed,0,284,earthquake,4.3, Myanmar,92.992,19.049,33.0,1996-11-15 14:38:14.580000+00:00
852835577800,"242 km W of Myeik, Myanmar",reviewed,0,354,earthquake,4.8, Myanmar,96.384,12.179,33.0,1997-01-09 18:46:17.800000+00:00
859299446450,"60 km N of Pathein, Myanmar",reviewed,0,271,earthquake,4.2, Myanmar,94.634,17.318,33.0,1997-03-25 14:17:26.450000+00:00
889831716920,"147 km SW of Mawlamyinegyunn, Myanmar",reviewed,0,199,earthquake,3.6, Myanmar,94.235,15.495,33.0,1998-03-13 23:28:36.920000+00:00
890362966440,"122 km SSE of Sittwe, Myanmar",reviewed,0,234,earthquake,3.9, Myanmar,93.471,19.184,33.0,1998-03-20 03:02:46.440000+00:00
894484573710,"117 km WSW of Myanaung, Myanmar",reviewed,0,369,earthquake,4.9, Myanmar,94.343,17.791,33.0,1998-05-06 19:56:13.710000+00:00
899976047360,"39 km NE of Paungde, Myanmar",reviewed,0,312,earthquake,4.5, Myanmar,95.786,18.735,57.3,1998-07-09 09:20:47.360000+00:00
904451811480,Myanmar,reviewed,0,326,earthquake,4.6,Myanmar,94.675,19.81,65.0,1998-08-30 04:36:51.480000+00:00
905117739400,"32 km NNE of Pathein, Myanmar",reviewed,0,188,earthquake,3.5, Myanmar,94.866,17.041,33.0,1998-09-06 21:35:39.400000+00:00
905805929120,"195 km SSE of Pyapon, Myanmar",reviewed,0,340,earthquake,4.7, Myanmar,96.107,14.568,33.0,1998-09-14 20:45:29.120000+00:00
912427248950,"33 km N of Yangon, Myanmar",reviewed,0,312,earthquake,4.5, Myanmar,96.106,17.101,10.0,1998-11-30 12:00:48.950000+00:00
918273221390,"289 km SSW of Mawlamyinegyunn, Myanmar",reviewed,0,312,earthquake,4.5, Myanmar,93.858,14.142,43.3,1999-02-06 03:53:41.390000+00:00
920512052640,"176 km WSW of Dawei, Myanmar",reviewed,0,326,earthquake,4.6, Myanmar,96.719,13.404,33.0,1999-03-04 01:47:32.640000+00:00
920514244860,"183 km WSW of Dawei, Myanmar",reviewed,0,312,earthquake,4.5, Myanmar,96.649,13.39,33.0,1999-03-04 02:24:04.860000+00:00
934733915880,"24 km WSW of Pyu, Myanmar",reviewed,0,416,earthquake,5.2, Myanmar,96.228,18.389,18.4,1999-08-15 16:18:35.880000+00:00
934734226630,"33 km SW of Pyu, Myanmar",reviewed,0,312,earthquake,4.5, Myanmar,96.245,18.245,18.3,1999-08-15 16:23:46.630000+00:00
936358723240,"286 km WSW of Dawei, Myanmar",reviewed,0,340,earthquake,4.7, Myanmar,95.771,13.039,33.0,1999-09-03 11:38:43.240000+00:00
936658221260,"160 km W of Pyay, Myanmar",reviewed,0,298,earthquake,4.4, Myanmar,93.715,18.647,33.0,1999-09-06 22:50:21.260000+00:00
941130384420,"21 km S of Kanbe, Myanmar",reviewed,0,326,earthquake,4.6, Myanmar,95.988,16.517,97.6,1999-10-28 17:06:24.420000+00:00
953440640470,"45 km WSW of Myanaung, Myanmar",reviewed,0,298,earthquake,4.4, Myanmar,94.897,18.195,74.9,2000-03-19 04:37:20.470000+00:00
959973357170,"206 km SSE of Pyapon, Myanmar",reviewed,0,222,earthquake,3.8, Myanmar,96.12,14.47,46.8,2000-06-02 19:15:57.170000+00:00
964823174000,"46 km SSE of Magway, Myanmar",reviewed,0,298,earthquake,4.4, Myanmar,95.159,19.793,33.0,2000-07-28 22:26:14+00:00
967048314280,"46 km SSE of Magway, Myanmar",reviewed,0,298,earthquake,4.4, Myanmar,95.152,19.785,86.6,2000-08-23 16:31:54.280000+00:00
967068187700,"30 km SW of Chauk, Myanmar",reviewed,0,222,earthquake,3.8, Myanmar,94.577,20.747,33.0,2000-08-23 22:03:07.700000+00:00
987175124270,"132 km NNW of Pathein, Myanmar",reviewed,0,312,earthquake,4.5, Myanmar,94.156,17.836,33.0,2001-04-13 15:18:44.270000+00:00
987589244050,"16 km SSE of Pyay, Myanmar",reviewed,0,271,earthquake,4.2, Myanmar,95.299,18.694,97.5,2001-04-18 10:20:44.050000+00:00
989814953640,"52 km SW of Minbu, Myanmar",reviewed,0,246,earthquake,4.0, Myanmar,94.566,19.804,70.1,2001-05-14 04:35:53.640000+00:00
990578966530,"57 km WSW of Hinthada, Myanmar",reviewed,0,246,earthquake,4.0, Myanmar,94.928,17.542,54.2,2001-05-23 00:49:26.530000+00:00
998090261510,"158 km SSE of Pyapon, Myanmar",reviewed,0,326,earthquake,4.6, Myanmar,96.307,14.984,10.0,2001-08-17 23:17:41.510000+00:00
998719990800,"131 km E of Taunggyi, Myanmar",reviewed,0,340,earthquake,4.7, Myanmar,98.301,20.757,33.0,2001-08-25 06:13:10.800000+00:00
1000846483340,"111 km WSW of Myanaung, Myanmar",reviewed,0,271,earthquake,4.2, Myanmar,94.349,17.89,33.0,2001-09-18 20:54:43.340000+00:00
1002448890270,"29 km SSW of Chauk, Myanmar",reviewed,0,284,earthquake,4.3, Myanmar,94.674,20.673,86.0,2001-10-07 10:01:30.270000+00:00
1003006489340,"148 km SSW of Sittwe, Myanmar",reviewed,0,416,earthquake,5.2, Myanmar,92.375,18.896,10.0,2001-10-13 20:54:49.340000+00:00
1003588822040,"152 km SSW of Sittwe, Myanmar",reviewed,0,298,earthquake,4.4, Myanmar,92.397,18.849,33.0,2001-10-20 14:40:22.040000+00:00
1004207181710,"129 km SSW of Sittwe, Myanmar",reviewed,0,312,earthquake,4.5, Myanmar,92.428,19.068,10.0,2001-10-27 18:26:21.710000+00:00
1006513659440,"178 km SSW of Sittwe, Myanmar",reviewed,0,298,earthquake,4.4, Myanmar,92.2,18.679,10.0,2001-11-23 11:07:39.440000+00:00
1006515130510,"171 km SSW of Sittwe, Myanmar",reviewed,0,340,earthquake,4.7, Myanmar,92.201,18.748,10.0,2001-11-23 11:32:10.510000+00:00
1006578854790,"171 km SSW of Sittwe, Myanmar",reviewed,0,284,earthquake,4.3, Myanmar,92.207,18.738,10.0,2001-11-24 05:14:14.790000+00:00
1012711115720,"164 km WSW of Pyay, Myanmar",reviewed,0,284,earthquake,4.3, Myanmar,93.726,18.422,33.0,2002-02-03 04:38:35.720000+00:00
1029704839590,"68 km ENE of Kyaikto, Myanmar",reviewed,0,298,earthquake,4.4, Myanmar,97.571,17.616,33.0,2002-08-18 21:07:19.590000+00:00
1036305922000,"293 km WSW of Dawei, Myanmar",reviewed,0,340,earthquake,4.7, Myanmar,95.63,13.199,33.0,2002-11-03 06:45:22+00:00
1036305926260,"279 km WSW of Dawei, Myanmar",reviewed,0,369,earthquake,4.9, Myanmar,95.774,13.191,33.0,2002-11-03 06:45:26.260000+00:00
1036307072080,"277 km WSW of Dawei, Myanmar",reviewed,0,312,earthquake,4.5, Myanmar,95.797,13.179,33.0,2002-11-03 07:04:32.080000+00:00
1036313100040,"285 km WSW of Dawei, Myanmar",reviewed,0,449,earthquake,5.4, Myanmar,95.698,13.25,33.0,2002-11-03 08:45:00.040000+00:00
1036314763240,"260 km WSW of Dawei, Myanmar",reviewed,0,340,earthquake,4.7, Myanmar,95.923,13.294,33.0,2002-11-03 09:12:43.240000+00:00
1036965241490,"114 km WNW of Pathein, Myanmar",reviewed,0,385,earthquake,5.0, Myanmar,93.756,17.212,32.0,2002-11-10 21:54:01.490000+00:00
1037434775840,"111 km WNW of Pathein, Myanmar",reviewed,0,211,earthquake,3.7, Myanmar,93.77,17.18,33.0,2002-11-16 08:19:35.840000+00:00
1037465748890,"37 km SE of Tharyarwady, Myanmar",reviewed,0,340,earthquake,4.7, Myanmar,96.031,17.41,33.0,2002-11-16 16:55:48.890000+00:00
1037468317340,"113 km WNW of Pathein, Myanmar",reviewed,0,271,earthquake,4.2, Myanmar,93.765,17.22,20.9,2002-11-16 17:38:37.340000+00:00
1037469185960,"108 km WNW of Pathein, Myanmar",reviewed,0,369,earthquake,4.9, Myanmar,93.763,17.095,25.1,2002-11-16 17:53:05.960000+00:00
1039001453780,"70 km W of Thayetmyo, Myanmar",reviewed,0,482,earthquake,5.6, Myanmar,94.513,19.379,53.5,2002-12-04 11:30:53.780000+00:00
1039151081750,"55 km SW of Nay Pyi Taw, Myanmar",reviewed,0,354,earthquake,4.8, Myanmar,95.77,19.381,33.0,2002-12-06 05:04:41.750000+00:00
1039421149340,"47 km WSW of Chauk, Myanmar",reviewed,0,284,earthquake,4.3, Myanmar,94.411,20.699,33.0,2002-12-09 08:05:49.340000+00:00
1042771983930,"34 km WSW of Taungdwingyi, Myanmar",reviewed,0,385,earthquake,5.0, Myanmar,95.238,19.888,101.8,2003-01-17 02:53:03.930000+00:00
1043544839100,"281 km WSW of Dawei, Myanmar",reviewed,0,271,earthquake,4.2, Myanmar,95.866,12.94,20.4,2003-01-26 01:33:59.100000+00:00
1043579651270,"294 km WSW of Dawei, Myanmar",reviewed,0,284,earthquake,4.3, Myanmar,95.742,12.924,33.0,2003-01-26 11:14:11.270000+00:00
1046564930220,"35 km W of Yenangyaung, Myanmar",reviewed,0,0,earthquake,0.0, Myanmar,94.532,20.498,100.0,2003-03-02 00:28:50.220000+00:00
1046564930220,"35 km W of Yenangyaung, Myanmar",reviewed,0,0,earthquake,0.0, Myanmar,94.532,20.498,100.0,2003-03-02 00:28:50.220000+00:00
1049030329900,"18 km E of Magway, Myanmar",reviewed,0,298,earthquake,4.4, Myanmar,95.109,20.172,98.3,2003-03-30 13:18:49.900000+00:00
1051510510810,"26 km SSW of Pyay, Myanmar",reviewed,0,0,earthquake,0.0, Myanmar,95.161,18.589,100.0,2003-04-28 06:15:10.810000+00:00
1051562432260,"27 km E of Kyaiklat, Myanmar",reviewed,0,234,earthquake,3.9, Myanmar,95.978,16.408,33.0,2003-04-28 20:40:32.260000+00:00
1057318538350,"3 km WNW of Pathein, Myanmar",reviewed,0,354,earthquake,4.8, Myanmar,94.706,16.793,33.0,2003-07-04 11:35:38.350000+00:00
1057932873990,"286 km W of Myeik, Myanmar",reviewed,0,0,earthquake,0.0, Myanmar,95.967,12.429,33.0,2003-07-11 14:14:33.990000+00:00
1062764672690,"74 km SE of Sittwe, Myanmar",reviewed,0,0,earthquake,0.0, Myanmar,93.45,19.721,33.0,2003-09-05 12:24:32.690000+00:00
1064168173410,"16 km SE of Taungdwingyi, Myanmar",reviewed,0,670,earthquake,6.6, Myanmar,95.672,19.917,10.0,2003-09-21 18:16:13.410000+00:00
1064168781870,"35 km SSW of Taungdwingyi, Myanmar",reviewed,0,0,earthquake,0.0, Myanmar,95.379,19.731,10.0,2003-09-21 18:26:21.870000+00:00
1064168861530,"30 km WSW of Taungdwingyi, Myanmar",reviewed,0,0,earthquake,0.0, Myanmar,95.279,19.906,10.0,2003-09-21 18:27:41.530000+00:00
1064169076670,"19 km S of Taungdwingyi, Myanmar",reviewed,0,340,earthquake,4.7, Myanmar,95.567,19.831,10.0,2003-09-21 18:31:16.670000+00:00
1064169407590,"15 km WNW of Taungdwingyi, Myanmar",reviewed,0,0,earthquake,0.0, Myanmar,95.399,20.047,10.0,2003-09-21 18:36:47.590000+00:00
1064169702080,"29 km S of Taungdwingyi, Myanmar",reviewed,0,326,earthquake,4.6, Myanmar,95.566,19.741,10.0,2003-09-21 18:41:42.080000+00:00
1064169913510,"15 km N of Myaydo, Myanmar",reviewed,0,0,earthquake,0.0, Myanmar,95.203,19.51,10.0,2003-09-21 18:45:13.510000+00:00
1064170520740,"29 km SW of Taungdwingyi, Myanmar",reviewed,0,0,earthquake,0.0, Myanmar,95.357,19.81,10.0,2003-09-21 18:55:20.740000+00:00
1064171676590,"17 km SW of Taungdwingyi, Myanmar",reviewed,0,340,earthquake,4.7, Myanmar,95.445,19.879,10.0,2003-09-21 19:14:36.590000+00:00
1064171881480,"21 km WSW of Taungdwingyi, Myanmar",reviewed,0,0,earthquake,0.0, Myanmar,95.365,19.908,10.0,2003-09-21 19:18:01.480000+00:00
1064172554410,"37 km SE of Taungdwingyi, Myanmar",reviewed,0,0,earthquake,0.0, Myanmar,95.765,19.734,10.0,2003-09-21 19:29:14.410000+00:00
1064172984580,"9 km S of Taungdwingyi, Myanmar",reviewed,0,0,earthquake,0.0, Myanmar,95.538,19.917,10.0,2003-09-21 19:36:24.580000+00:00
1064173608830,"39 km S of Taungdwingyi, Myanmar",reviewed,0,0,earthquake,0.0, Myanmar,95.531,19.648,10.0,2003-09-21 19:46:48.830000+00:00
1064173856890,"28 km N of Myaydo, Myanmar",reviewed,0,0,earthquake,0.0, Myanmar,95.263,19.622,10.0,2003-09-21 19:50:56.890000+00:00
1064174594150,"36 km NNW of Myaydo, Myanmar",reviewed,0,0,earthquake,0.0, Myanmar,95.141,19.689,10.0,2003-09-21 20:03:14.150000+00:00
1064174871500,"26 km E of Taungdwingyi, Myanmar",reviewed,0,0,earthquake,0.0, Myanmar,95.8,20.014,10.0,2003-09-21 20:07:51.500000+00:00
1064175303710,"33 km ESE of Taungdwingyi, Myanmar",reviewed,0,0,earthquake,0.0, Myanmar,95.815,19.843,10.0,2003-09-21 20:15:03.710000+00:00
1064177004760,"30 km S of Taungdwingyi, Myanmar",reviewed,0,340,earthquake,4.7, Myanmar,95.559,19.731,10.0,2003-09-21 20:43:24.760000+00:00
1064186677560,"30 km SSE of Taungdwingyi, Myanmar",reviewed,0,0,earthquake,0.0, Myanmar,95.613,19.737,10.0,2003-09-21 23:24:37.560000+00:00
1064191815980,"39 km SW of Taungdwingyi, Myanmar",reviewed,0,0,earthquake,0.0, Myanmar,95.317,19.726,10.0,2003-09-22 00:50:15.980000+00:00
1064201769280,"34 km S of Taungdwingyi, Myanmar",reviewed,0,0,earthquake,0.0, Myanmar,95.591,19.696,10.0,2003-09-22 03:36:09.280000+00:00
1064204947990,"32 km SSW of Taungdwingyi, Myanmar",reviewed,0,0,earthquake,0.0, Myanmar,95.407,19.745,10.0,2003-09-22 04:29:07.990000+00:00
1064216294150,"13 km SE of Taungdwingyi, Myanmar",reviewed,0,0,earthquake,0.0, Myanmar,95.643,19.921,10.0,2003-09-22 07:38:14.150000+00:00
1064217303450,"36 km E of Taungdwingyi, Myanmar",reviewed,0,354,earthquake,4.8, Myanmar,95.892,20.032,10.0,2003-09-22 07:55:03.450000+00:00
1064227856550,"29 km SE of Taungdwingyi, Myanmar",reviewed,0,369,earthquake,4.9, Myanmar,95.756,19.835,10.0,2003-09-22 10:50:56.550000+00:00
1064235052930,"21 km E of Taungdwingyi, Myanmar",reviewed,0,0,earthquake,0.0, Myanmar,95.749,20.011,10.0,2003-09-22 12:50:52.930000+00:00
1064244590320,"32 km SSE of Taungdwingyi, Myanmar",reviewed,0,0,earthquake,0.0, Myanmar,95.708,19.752,10.0,2003-09-22 15:29:50.320000+00:00
1064249012040,"27 km ENE of Myaydo, Myanmar",reviewed,0,0,earthquake,0.0, Myanmar,95.446,19.486,10.0,2003-09-22 16:43:32.040000+00:00
1064265392120,"26 km SSW of Taungdwingyi, Myanmar",reviewed,0,0,earthquake,0.0, Myanmar,95.444,19.783,10.0,2003-09-22 21:16:32.120000+00:00
1064274696020,"37 km SSE of Taungdwingyi, Myanmar",reviewed,0,0,earthquake,0.0, Myanmar,95.643,19.676,10.0,2003-09-22 23:51:36.020000+00:00
1064358215940,"31 km SSW of Taungdwingyi, Myanmar",reviewed,0,0,earthquake,0.0, Myanmar,95.41,19.748,10.0,2003-09-23 23:03:35.940000+00:00
1064360798050,"27 km SE of Taungdwingyi, Myanmar",reviewed,0,0,earthquake,0.0, Myanmar,95.743,19.84,10.0,2003-09-23 23:46:38.050000+00:00
1064456141560,"27 km S of Taungdwingyi, Myanmar",reviewed,0,222,earthquake,3.8, Myanmar,95.575,19.764,10.0,2003-09-25 02:15:41.560000+00:00
1064465909020,"14 km SSE of Taungdwingyi, Myanmar",reviewed,0,354,earthquake,4.8, Myanmar,95.579,19.876,10.0,2003-09-25 04:58:29.020000+00:00
1064534117890,"46 km SSE of Taungdwingyi, Myanmar",reviewed,0,0,earthquake,0.0, Myanmar,95.695,19.615,10.0,2003-09-25 23:55:17.890000+00:00
1065028308610,"8 km SE of Taungdwingyi, Myanmar",reviewed,0,340,earthquake,4.7, Myanmar,95.597,19.949,10.0,2003-10-01 17:11:48.610000+00:00
1065127915030,"23 km NE of Myaydo, Myanmar",reviewed,0,271,earthquake,4.2, Myanmar,95.375,19.511,10.0,2003-10-02 20:51:55.030000+00:00
1065155070930,"13 km SSW of Taungdwingyi, Myanmar",reviewed,0,246,earthquake,4.0, Myanmar,95.488,19.899,10.0,2003-10-03 04:24:30.930000+00:00
1065184445450,"37 km NNW of Nay Pyi Taw, Myanmar",reviewed,0,340,earthquake,4.7, Myanmar,96.002,20.061,10.0,2003-10-03 12:34:05.450000+00:00
1066721543300,"37 km SSW of Taungdwingyi, Myanmar",reviewed,0,259,earthquake,4.1, Myanmar,95.412,19.694,10.0,2003-10-21 07:32:23.300000+00:00
1067527338180,"30 km SE of Taungdwingyi, Myanmar",reviewed,0,432,earthquake,5.3, Myanmar,95.742,19.808,10.0,2003-10-30 15:22:18.180000+00:00
1067529682890,"32 km SE of Taungdwingyi, Myanmar",reviewed,0,0,earthquake,0.0, Myanmar,95.793,19.832,10.0,2003-10-30 16:01:22.890000+00:00
1067651629280,"24 km ENE of Taungdwingyi, Myanmar",reviewed,0,0,earthquake,0.0, Myanmar,95.775,20.054,10.0,2003-11-01 01:53:49.280000+00:00
1067770142220,"18 km SE of Taungdwingyi, Myanmar",reviewed,0,298,earthquake,4.4, Myanmar,95.66,19.88,10.0,2003-11-02 10:49:02.220000+00:00
1068126790100,"36 km SSE of Taungdwingyi, Myanmar",reviewed,0,312,earthquake,4.5, Myanmar,95.655,19.69,10.0,2003-11-06 13:53:10.100000+00:00
1068131934090,"33 km SSE of Taungdwingyi, Myanmar",reviewed,0,354,earthquake,4.8, Myanmar,95.702,19.741,10.0,2003-11-06 15:18:54.090000+00:00
1068545132870,"37 km SSW of Taungdwingyi, Myanmar",reviewed,0,0,earthquake,0.0, Myanmar,95.349,19.718,10.0,2003-11-11 10:05:32.870000+00:00
1068688718770,"27 km SE of Taungdwingyi, Myanmar",reviewed,0,326,earthquake,4.6, Myanmar,95.738,19.836,10.0,2003-11-13 01:58:38.770000+00:00
1070168201330,"22 km NNW of Myaydo, Myanmar",reviewed,0,0,earthquake,0.0, Myanmar,95.109,19.55,10.0,2003-11-30 04:56:41.330000+00:00
1070828454730,"24 km NW of Nay Pyi Taw, Myanmar",reviewed,0,400,earthquake,5.1, Myanmar,95.952,19.886,10.0,2003-12-07 20:20:54.730000+00:00
1070837520960,"29 km NNW of Nay Pyi Taw, Myanmar",reviewed,0,0,earthquake,0.0, Myanmar,96.054,20.004,10.0,2003-12-07 22:52:00.960000+00:00
1071792718230,"23 km SE of Taungdwingyi, Myanmar",reviewed,0,416,earthquake,5.2, Myanmar,95.698,19.852,10.0,2003-12-19 00:11:58.230000+00:00
1073832981300,"25 km WNW of Nay Pyi Taw, Myanmar",reviewed,0,312,earthquake,4.5, Myanmar,95.896,19.805,10.0,2004-01-11 14:56:21.300000+00:00
1074042340520,"37 km ENE of Myaydo, Myanmar",reviewed,0,0,earthquake,0.0, Myanmar,95.547,19.49,10.0,2004-01-14 01:05:40.520000+00:00
1075252577690,"77 km NNW of Pathein, Myanmar",reviewed,0,369,earthquake,4.9, Myanmar,94.333,17.363,33.9,2004-01-28 01:16:17.690000+00:00
1079811573820,"33 km SSW of Yamethin, Myanmar",reviewed,0,298,earthquake,4.4, Myanmar,95.998,20.169,40.5,2004-03-20 19:39:33.820000+00:00
1080253289640,"14 km E of Taungdwingyi, Myanmar",reviewed,0,298,earthquake,4.4, Myanmar,95.681,19.99,41.9,2004-03-25 22:21:29.640000+00:00
1081571017310,"22 km SSW of Taungdwingyi, Myanmar",reviewed,0,312,earthquake,4.5, Myanmar,95.434,19.832,11.1,2004-04-10 04:23:37.310000+00:00
1082101394830,"7 km SSE of Taungdwingyi, Myanmar",reviewed,0,0,earthquake,0.0, Myanmar,95.567,19.938,7.8,2004-04-16 07:43:14.830000+00:00
1082861967070,"30 km WNW of Nay Pyi Taw, Myanmar",reviewed,0,0,earthquake,0.0, Myanmar,95.866,19.864,10.0,2004-04-25 02:59:27.070000+00:00
1084983469170,"38 km WSW of Nay Pyi Taw, Myanmar",reviewed,0,0,earthquake,0.0, Myanmar,95.775,19.663,3.6,2004-05-19 16:17:49.170000+00:00
1086390879060,"82 km NW of Pathein, Myanmar",reviewed,0,312,earthquake,4.5, Myanmar,94.198,17.325,27.2,2004-06-04 23:14:39.060000+00:00
1088519345810,"15 km S of Magway, Myanmar",reviewed,0,0,earthquake,0.0, Myanmar,94.957,20.012,22.7,2004-06-29 14:29:05.810000+00:00
1088601894980,"22 km ENE of Magway, Myanmar",reviewed,0,284,earthquake,4.3, Myanmar,95.127,20.228,0.6,2004-06-30 13:24:54.980000+00:00
1089449058060,"33 km NNE of Taungdwingyi, Myanmar",reviewed,0,0,earthquake,0.0, Myanmar,95.723,20.26,10.0,2004-07-10 08:44:18.060000+00:00
1091157301020,"297 km WSW of Dawei, Myanmar",reviewed,0,284,earthquake,4.3, Myanmar,95.636,13.088,30.0,2004-07-30 03:15:01.020000+00:00
1091523552770,"5 km SSW of Taungdwingyi, Myanmar",reviewed,0,271,earthquake,4.2, Myanmar,95.517,19.962,100.7,2004-08-03 08:59:12.770000+00:00
1091969149100,"16 km ESE of Taungdwingyi, Myanmar",reviewed,0,354,earthquake,4.8, Myanmar,95.697,19.952,37.7,2004-08-08 12:45:49.100000+00:00
1091971337280,"19 km E of Taungdwingyi, Myanmar",reviewed,0,298,earthquake,4.4, Myanmar,95.728,19.995,10.0,2004-08-08 13:22:17.280000+00:00
1095037702930,"24 km WSW of Minbu, Myanmar",reviewed,0,234,earthquake,3.9, Myanmar,94.657,20.107,80.0,2004-09-13 01:08:22.930000+00:00
1095419482510,"293 km SW of Mawlamyinegyunn, Myanmar",reviewed,0,284,earthquake,4.3, Myanmar,93.558,14.302,44.4,2004-09-17 11:11:22.510000+00:00
1095420348200,"56 km SSE of Pyapon, Myanmar",reviewed,0,500,earthquake,5.7, Myanmar,95.879,15.814,15.0,2004-09-17 11:25:48.200000+00:00
1095443460170,"56 km S of Pyapon, Myanmar",reviewed,0,259,earthquake,4.1, Myanmar,95.776,15.787,15.0,2004-09-17 17:51:00.170000+00:00
1095555035580,"253 km SSW of Bogale, Myanmar",reviewed,0,246,earthquake,4.0, Myanmar,94.152,14.346,93.8,2004-09-19 00:50:35.580000+00:00
1101723899930,"10 km W of Kayan, Myanmar",reviewed,0,284,earthquake,4.3, Myanmar,96.46,16.9,85.0,2004-11-29 10:24:59.930000+00:00
1102157840120,"281 km W of Dawei, Myanmar",reviewed,0,246,earthquake,4.0, Myanmar,95.615,13.687,10.0,2004-12-04 10:57:20.120000+00:00
1102161350240,"178 km W of Dawei, Myanmar",reviewed,0,234,earthquake,3.9, Myanmar,96.558,13.827,10.0,2004-12-04 11:55:50.240000+00:00
1104106025850,"200 km SW of Pathein, Myanmar",reviewed,0,298,earthquake,4.4, Myanmar,93.185,15.75,30.0,2004-12-27 00:07:05.850000+00:00
1104115572400,"170 km SW of Mawlamyinegyunn, Myanmar",reviewed,0,222,earthquake,3.8, Myanmar,94.185,15.244,30.0,2004-12-27 02:46:12.400000+00:00
1104182638850,"117 km WNW of Pathein, Myanmar",reviewed,0,259,earthquake,4.1, Myanmar,93.654,17.02,25.0,2004-12-27 21:23:58.850000+00:00
1104190831290,"271 km SW of Mawlamyinegyunn, Myanmar",reviewed,0,271,earthquake,4.2, Myanmar,93.668,14.473,30.0,2004-12-27 23:40:31.290000+00:00
1104368976580,"28 km WNW of Nay Pyi Taw, Myanmar",reviewed,0,326,earthquake,4.6, Myanmar,95.872,19.82,16.3,2004-12-30 01:09:36.580000+00:00
1104369228560,"26 km NW of Nay Pyi Taw, Myanmar",reviewed,0,385,earthquake,5.0, Myanmar,95.955,19.922,51.6,2004-12-30 01:13:48.560000+00:00
1105101032430,"286 km SW of Mawlamyinegyunn, Myanmar",reviewed,0,298,earthquake,4.4, Myanmar,93.461,14.467,30.0,2005-01-07 12:30:32.430000+00:00
1105240644110,"13 km NW of Pyapon, Myanmar",reviewed,0,259,earthquake,4.1, Myanmar,95.591,16.369,36.5,2005-01-09 03:17:24.110000+00:00
1105292537770,"45 km E of Taunggyi, Myanmar",reviewed,0,199,earthquake,3.6, Myanmar,97.47,20.774,10.0,2005-01-09 17:42:17.770000+00:00
1105416017860,"226 km WSW of Pathein, Myanmar",reviewed,0,298,earthquake,4.4, Myanmar,92.65,16.366,30.0,2005-01-11 04:00:17.860000+00:00
1105475945410,"264 km WSW of Pathein, Myanmar",reviewed,0,271,earthquake,4.2, Myanmar,92.349,16.126,30.0,2005-01-11 20:39:05.410000+00:00
1105851803520,"195 km SSW of Pathein, Myanmar",reviewed,0,222,earthquake,3.8, Myanmar,93.852,15.231,30.0,2005-01-16 05:03:23.520000+00:00
1106350462650,"293 km SW of Pathein, Myanmar",reviewed,0,284,earthquake,4.3, Myanmar,93.005,14.726,22.0,2005-01-21 23:34:22.650000+00:00
1106566288800,"7 km SSE of Tharyarwady, Myanmar",reviewed,0,298,earthquake,4.4, Myanmar,95.808,17.586,10.0,2005-01-24 11:31:28.800000+00:00
1107847258940,"34 km SE of Taungdwingyi, Myanmar",reviewed,0,354,earthquake,4.8, Myanmar,95.803,19.819,16.0,2005-02-08 07:20:58.940000+00:00
1107945448190,"190 km WSW of Pathein, Myanmar",reviewed,0,298,earthquake,4.4, Myanmar,93.057,16.185,10.0,2005-02-09 10:37:28.190000+00:00
1108056829130,"242 km SSW of Pathein, Myanmar",reviewed,0,326,earthquake,4.6, Myanmar,93.576,14.896,30.0,2005-02-10 17:33:49.130000+00:00
1108387316370,"243 km SW of Mawlamyinegyunn, Myanmar",reviewed,0,369,earthquake,4.9, Myanmar,93.629,14.847,35.0,2005-02-14 13:21:56.370000+00:00
1108429981920,"229 km SW of Mawlamyinegyunn, Myanmar",reviewed,0,259,earthquake,4.1, Myanmar,93.859,14.81,43.4,2005-02-15 01:13:01.920000+00:00
1111836795580,"21 km WNW of Myanaung, Myanmar",reviewed,0,284,earthquake,4.3, Myanmar,95.126,18.358,50.3,2005-03-26 11:33:15.580000+00:00
1111990791530,"207 km WSW of Pathein, Myanmar",reviewed,0,271,earthquake,4.2, Myanmar,92.958,16.005,30.0,2005-03-28 06:19:51.530000+00:00
1112110263120,"40 km ENE of Nyaungdon, Myanmar",reviewed,0,271,earthquake,4.2, Myanmar,95.974,17.222,146.5,2005-03-29 15:31:03.120000+00:00
1112213107640,"219 km WSW of Pathein, Myanmar",reviewed,0,259,earthquake,4.1, Myanmar,92.839,15.998,10.0,2005-03-30 20:05:07.640000+00:00
1112839631380,"221 km WSW of Pathein, Myanmar",reviewed,0,312,earthquake,4.5, Myanmar,92.822,15.996,30.0,2005-04-07 02:07:11.380000+00:00
1112844905420,"219 km WSW of Pathein, Myanmar",reviewed,0,312,earthquake,4.5, Myanmar,92.84,16.003,30.0,2005-04-07 03:35:05.420000+00:00
1113914825890,"214 km WSW of Pathein, Myanmar",reviewed,0,340,earthquake,4.7, Myanmar,92.94,15.907,30.0,2005-04-19 12:47:05.890000+00:00
1113928203890,"197 km WSW of Pathein, Myanmar",reviewed,0,284,earthquake,4.3, Myanmar,93.065,16.013,26.0,2005-04-19 16:30:03.890000+00:00
1114833973680,"75 km SE of Pyapon, Myanmar",reviewed,0,340,earthquake,4.7, Myanmar,96.194,15.822,10.0,2005-04-30 04:06:13.680000+00:00
1114944028480,"202 km WSW of Pathein, Myanmar",reviewed,0,234,earthquake,3.9, Myanmar,93.006,16.023,30.0,2005-05-01 10:40:28.480000+00:00
1115013354950,"203 km WSW of Pathein, Myanmar",reviewed,0,312,earthquake,4.5, Myanmar,93.006,16.002,30.0,2005-05-02 05:55:54.950000+00:00
1115612346190,"202 km WSW of Pathein, Myanmar",reviewed,0,312,earthquake,4.5, Myanmar,93.005,16.024,30.0,2005-05-09 04:19:06.190000+00:00
1115617671440,"191 km WSW of Pathein, Myanmar",reviewed,0,211,earthquake,3.7, Myanmar,93.129,16.007,30.0,2005-05-09 05:47:51.440000+00:00
1115647442890,"202 km WSW of Pathein, Myanmar",reviewed,0,340,earthquake,4.7, Myanmar,93.022,15.999,30.0,2005-05-09 14:04:02.890000+00:00
1115647899610,"207 km WSW of Pathein, Myanmar",reviewed,0,326,earthquake,4.6, Myanmar,92.971,15.997,33.4,2005-05-09 14:11:39.610000+00:00
1115664123820,"207 km WSW of Pathein, Myanmar",reviewed,0,298,earthquake,4.4, Myanmar,92.945,16.053,25.0,2005-05-09 18:42:03.820000+00:00
1116350848540,"53 km WSW of Hinthada, Myanmar",reviewed,0,259,earthquake,4.1, Myanmar,95.01,17.436,60.5,2005-05-17 17:27:28.540000+00:00
1116361148000,"271 km SW of Mawlamyinegyunn, Myanmar",reviewed,0,259,earthquake,4.1, Myanmar,93.796,14.38,30.0,2005-05-17 20:19:08+00:00
1116748014980,"208 km WSW of Pathein, Myanmar",reviewed,0,298,earthquake,4.4, Myanmar,92.917,16.08,30.0,2005-05-22 07:46:54.980000+00:00
1117864674520,"112 km SW of Pathein, Myanmar",reviewed,0,271,earthquake,4.2, Myanmar,94.022,16.029,10.0,2005-06-04 05:57:54.520000+00:00
1118001354220,"297 km SSW of Pathein, Myanmar",reviewed,0,222,earthquake,3.8, Myanmar,93.22,14.52,30.0,2005-06-05 19:55:54.220000+00:00
1121462782610,"82 km WSW of Minbu, Myanmar",reviewed,0,234,earthquake,3.9, Myanmar,94.201,19.787,65.0,2005-07-15 21:26:22.610000+00:00
1121668234490,"241 km SW of Mawlamyinegyunn, Myanmar",reviewed,0,326,earthquake,4.6, Myanmar,93.697,14.813,38.7,2005-07-18 06:30:34.490000+00:00
1123235255350,"21 km E of Taungdwingyi, Myanmar",reviewed,0,284,earthquake,4.3, Myanmar,95.751,20.021,100.0,2005-08-05 09:47:35.350000+00:00
1123238786200,"33 km NE of Pyinmana, Myanmar",reviewed,0,259,earthquake,4.1, Myanmar,96.432,19.952,100.0,2005-08-05 10:46:26.200000+00:00
1123467945020,"246 km WNW of Pathein, Myanmar",reviewed,0,326,earthquake,4.6, Myanmar,92.526,17.456,10.0,2005-08-08 02:25:45.020000+00:00
1124751919840,"37 km ENE of Tharyarwady, Myanmar",reviewed,0,298,earthquake,4.4, Myanmar,96.122,17.753,10.0,2005-08-22 23:05:19.840000+00:00
1124793463290,"295 km SW of Mawlamyinegyunn, Myanmar",reviewed,0,298,earthquake,4.4, Myanmar,93.368,14.44,19.6,2005-08-23 10:37:43.290000+00:00
1125024793310,"146 km WSW of Pathein, Myanmar",reviewed,0,312,earthquake,4.5, Myanmar,93.498,16.198,10.0,2005-08-26 02:53:13.310000+00:00
1125347572890,"47 km SSW of Hinthada, Myanmar",reviewed,0,340,earthquake,4.7, Myanmar,95.258,17.268,35.0,2005-08-29 20:32:52.890000+00:00
1125361637240,"244 km WSW of Pathein, Myanmar",reviewed,0,246,earthquake,4.0, Myanmar,92.516,16.236,10.0,2005-08-30 00:27:17.240000+00:00
1128430571210,"242 km S of Pyapon, Myanmar",reviewed,0,298,earthquake,4.4, Myanmar,95.816,14.095,21.5,2005-10-04 12:56:11.210000+00:00
1128722859870,"32 km SSE of Pyapon, Myanmar",reviewed,0,284,earthquake,4.3, Myanmar,95.76,16.005,110.9,2005-10-07 22:07:39.870000+00:00
1129851476910,"53 km NNE of Paungde, Myanmar",reviewed,0,340,earthquake,4.7, Myanmar,95.761,18.913,10.0,2005-10-20 23:37:56.910000+00:00
1130279391670,"192 km S of Pyapon, Myanmar",reviewed,0,259,earthquake,4.1, Myanmar,95.731,14.549,26.6,2005-10-25 22:29:51.670000+00:00
1132117561460,"245 km W of Pathein, Myanmar",reviewed,0,271,earthquake,4.2, Myanmar,92.466,17.18,26.1,2005-11-16 05:06:01.460000+00:00
1135287034000,"20 km ESE of Tharyarwady, Myanmar",reviewed,0,298,earthquake,4.4, Myanmar,95.971,17.6,10.0,2005-12-22 21:30:34+00:00
1136372969990,"21 km SSW of Tharyarwady, Myanmar",reviewed,0,271,earthquake,4.2, Myanmar,95.722,17.468,38.5,2006-01-04 11:09:29.990000+00:00
1138110127650,"121 km ESE of Taunggyi, Myanmar",reviewed,0,298,earthquake,4.4, Myanmar,98.175,20.551,10.0,2006-01-24 13:42:07.650000+00:00
1138180921150,"21 km WNW of Thayetmyo, Myanmar",reviewed,0,259,earthquake,4.1, Myanmar,94.994,19.406,79.5,2006-01-25 09:22:01.150000+00:00
1140745028130,"260 km SW of Pathein, Myanmar",reviewed,0,271,earthquake,4.2, Myanmar,93.35,14.847,35.0,2006-02-24 01:37:08.130000+00:00
1141371848610,"36 km NE of Myaydo, Myanmar",reviewed,0,259,earthquake,4.1, Myanmar,95.43,19.626,35.0,2006-03-03 07:44:08.610000+00:00
1141658562700,"30 km E of Taungdwingyi, Myanmar",reviewed,0,271,earthquake,4.2, Myanmar,95.838,19.973,65.2,2006-03-06 15:22:42.700000+00:00
1142785181660,"50 km ESE of Myaydo, Myanmar",reviewed,0,234,earthquake,3.9, Myanmar,95.685,19.264,21.3,2006-03-19 16:19:41.660000+00:00
1144152271060,"197 km W of Pathein, Myanmar",reviewed,0,326,earthquake,4.6, Myanmar,92.888,16.652,25.2,2006-04-04 12:04:31.060000+00:00
1145040569960,"28 km WSW of Thayetmyo, Myanmar",reviewed,0,326,earthquake,4.6, Myanmar,94.936,19.222,76.9,2006-04-14 18:49:29.960000+00:00
1146404847720,"86 km W of Minbu, Myanmar",reviewed,0,0,earthquake,0.0, Myanmar,94.053,20.067,42.4,2006-04-30 13:47:27.720000+00:00
1148191821380,"195 km W of Pathein, Myanmar",reviewed,0,354,earthquake,4.8, Myanmar,92.933,16.463,30.0,2006-05-21 06:10:21.380000+00:00
1151045996000,"48 km WNW of Sittwe, Myanmar",reviewed,0,340,earthquake,4.7, Myanmar,92.512,20.386,10.0,2006-06-23 06:59:56+00:00
1154044911160,"227 km WSW of Pathein, Myanmar",reviewed,0,284,earthquake,4.3, Myanmar,92.796,15.917,10.0,2006-07-28 00:01:51.160000+00:00
1154515318650,"40 km ESE of Myaydo, Myanmar",reviewed,0,340,earthquake,4.7, Myanmar,95.578,19.256,10.0,2006-08-02 10:41:58.650000+00:00
1161828680330,"71 km W of Myanaung, Myanmar",reviewed,0,0,earthquake,0.0, Myanmar,94.658,18.162,63.7,2006-10-26 02:11:20.330000+00:00
1167424879350,"70 km ENE of Loikaw, Myanmar",reviewed,0,284,earthquake,4.3, Myanmar,97.772,20.021,39.7,2006-12-29 20:41:19.350000+00:00
1168320442740,"18 km SE of Thayetmyo, Myanmar",reviewed,0,369,earthquake,4.9, Myanmar,95.294,19.193,104.4,2007-01-09 05:27:22.740000+00:00
1171648750740,"203 km SSW of Pathein, Myanmar",reviewed,0,284,earthquake,4.3, Myanmar,93.749,15.208,10.0,2007-02-16 17:59:10.740000+00:00
1172091021550,"31 km SSE of Tharyarwady, Myanmar",reviewed,0,326,earthquake,4.6, Myanmar,95.918,17.395,10.0,2007-02-21 20:50:21.550000+00:00
1176225427210,"86 km ENE of Sittwe, Myanmar",reviewed,0,0,earthquake,0.0, Myanmar,93.649,20.476,60.8,2007-04-10 17:17:07.210000+00:00
1176742974730,"19 km W of Yamethin, Myanmar",reviewed,0,312,earthquake,4.5, Myanmar,95.955,20.442,23.1,2007-04-16 17:02:54.730000+00:00
1176979395950,"41 km E of Tharyarwady, Myanmar",reviewed,0,312,earthquake,4.5, Myanmar,96.174,17.712,10.0,2007-04-19 10:43:15.950000+00:00
1177523365480,"103 km SE of Pyapon, Myanmar",reviewed,0,312,earthquake,4.5, Myanmar,96.386,15.649,58.0,2007-04-25 17:49:25.480000+00:00
1177526135370,"100 km SE of Pyapon, Myanmar",reviewed,0,259,earthquake,4.1, Myanmar,96.209,15.531,10.0,2007-04-25 18:35:35.370000+00:00
1177565029130,"97 km SSE of Pyapon, Myanmar",reviewed,0,369,earthquake,4.9, Myanmar,96.151,15.529,31.6,2007-04-26 05:23:49.130000+00:00
1177872010160,"81 km WSW of Pathein, Myanmar",reviewed,0,312,earthquake,4.5, Myanmar,94.057,16.436,31.5,2007-04-29 18:40:10.160000+00:00
1177885488810,"104 km WSW of Pyay, Myanmar",reviewed,0,284,earthquake,4.3, Myanmar,94.312,18.446,56.6,2007-04-29 22:24:48.810000+00:00
1180222062950,"76 km WSW of Pathein, Myanmar",reviewed,0,259,earthquake,4.1, Myanmar,94.116,16.431,35.0,2007-05-26 23:27:42.950000+00:00
1185487476320,"267 km SW of Mawlamyinegyunn, Myanmar",reviewed,0,234,earthquake,3.9, Myanmar,93.547,14.624,35.0,2007-07-26 22:04:36.320000+00:00
1185520276200,"55 km W of Yenangyaung, Myanmar",reviewed,0,246,earthquake,4.0, Myanmar,94.348,20.559,10.0,2007-07-27 07:11:16.200000+00:00
1185835325630,"42 km E of Myaydo, Myanmar",reviewed,0,482,earthquake,5.6, Myanmar,95.611,19.311,14.2,2007-07-30 22:42:05.630000+00:00
1188061387800,"268 km SW of Bogale, Myanmar",reviewed,0,416,earthquake,5.2, Myanmar,93.989,14.291,65.2,2007-08-25 17:03:07.800000+00:00
1189071670560,"39 km SSW of Minbu, Myanmar",reviewed,0,0,earthquake,0.0, Myanmar,94.694,19.867,83.9,2007-09-06 09:41:10.560000+00:00
1190106110720,"82 km ESE of Sittwe, Myanmar",reviewed,0,400,earthquake,5.1, Myanmar,93.666,19.973,32.2,2007-09-18 09:01:50.720000+00:00
1190680450830,"54 km W of Yenangyaung, Myanmar",reviewed,0,312,earthquake,4.5, Myanmar,94.348,20.472,73.4,2007-09-25 00:34:10.830000+00:00
1191778055290,"37 km SE of Taungdwingyi, Myanmar",reviewed,0,0,earthquake,0.0, Myanmar,95.767,19.736,35.0,2007-10-07 17:27:35.290000+00:00
1191996022080,"29 km NNE of Myaydo, Myanmar",reviewed,0,0,earthquake,0.0, Myanmar,95.365,19.589,72.0,2007-10-10 06:00:22.080000+00:00
1192918988730,"106 km WSW of Myanaung, Myanmar",reviewed,0,298,earthquake,4.4, Myanmar,94.341,18.061,36.4,2007-10-20 22:23:08.730000+00:00
1194542971780,"289 km SSW of Pathein, Myanmar",reviewed,0,259,earthquake,4.1, Myanmar,93.262,14.581,35.0,2007-11-08 17:29:31.780000+00:00
1196601685170,"95 km NE of Sittwe, Myanmar",reviewed,0,0,earthquake,0.0, Myanmar,93.51,20.792,35.0,2007-12-02 13:21:25.170000+00:00
1199214696770,"281 km SW of Pathein, Myanmar",reviewed,0,340,earthquake,4.7, Myanmar,93.075,14.805,10.0,2008-01-01 19:11:36.770000+00:00
1199434342990,"238 km SSW of Mawlamyinegyunn, Myanmar",reviewed,0,246,earthquake,4.0, Myanmar,94.111,14.54,35.0,2008-01-04 08:12:22.990000+00:00
1200052332950,"70 km NNE of Sittwe, Myanmar",reviewed,0,0,earthquake,0.0, Myanmar,93.146,20.739,35.0,2008-01-11 11:52:12.950000+00:00
1201931989190,"29 km S of Myanaung, Myanmar",reviewed,0,326,earthquake,4.6, Myanmar,95.286,18.018,73.7,2008-02-02 05:59:49.190000+00:00
1202045040490,"24 km NW of Myaydo, Myanmar",reviewed,0,326,earthquake,4.6, Myanmar,95.086,19.55,78.1,2008-02-03 13:24:00.490000+00:00
1202093655630,"57 km ENE of Sittwe, Myanmar",reviewed,0,234,earthquake,3.9, Myanmar,93.405,20.353,35.0,2008-02-04 02:54:15.630000+00:00
1202175074570,"54 km SW of Nay Pyi Taw, Myanmar",reviewed,0,326,earthquake,4.6, Myanmar,95.794,19.364,40.4,2008-02-05 01:31:14.570000+00:00
1202180535260,"41 km ESE of Myaydo, Myanmar",reviewed,0,271,earthquake,4.2, Myanmar,95.571,19.203,76.7,2008-02-05 03:02:15.260000+00:00
1204400312400,"86 km WNW of Thayetmyo, Myanmar",reviewed,0,0,earthquake,0.0, Myanmar,94.377,19.502,71.4,2008-03-01 19:38:32.400000+00:00
1204400312400,"86 km WNW of Thayetmyo, Myanmar",reviewed,0,0,earthquake,0.0, Myanmar,94.377,19.502,71.4,2008-03-01 19:38:32.400000+00:00
1205410963680,"50 km E of Myaydo, Myanmar",reviewed,0,284,earthquake,4.3, Myanmar,95.693,19.308,15.5,2008-03-13 12:22:43.680000+00:00
1209847460590,"265 km SW of Mawlamyinegyunn, Myanmar",reviewed,0,326,earthquake,4.6, Myanmar,93.715,14.512,36.1,2008-05-03 20:44:20.590000+00:00
1211073468990,"24 km NW of Pyu, Myanmar",reviewed,0,246,earthquake,4.0, Myanmar,96.242,18.606,10.0,2008-05-18 01:17:48.990000+00:00
1220792070710,"92 km SW of Mawlamyinegyunn, Myanmar",reviewed,0,312,earthquake,4.5, Myanmar,94.683,15.758,35.0,2008-09-07 12:54:30.710000+00:00
1222090238180,"88 km SSE of Pyapon, Myanmar",reviewed,0,416,earthquake,5.2, Myanmar,96.081,15.583,35.0,2008-09-22 13:30:38.180000+00:00
1222107188010,"85 km SE of Pyapon, Myanmar",reviewed,0,246,earthquake,4.0, Myanmar,96.177,15.681,35.0,2008-09-22 18:13:08.010000+00:00
1224179633430,"73 km SE of Pyapon, Myanmar",reviewed,0,259,earthquake,4.1, Myanmar,96.145,15.798,35.0,2008-10-16 17:53:53.430000+00:00
1225369355860,"72 km S of Pathein, Myanmar",reviewed,0,369,earthquake,4.9, Myanmar,94.632,16.129,28.5,2008-10-30 12:22:35.860000+00:00
1226369925760,Myanmar,reviewed,0,259,earthquake,4.1,Myanmar,95.221,19.323,35.0,2008-11-11 02:18:45.760000+00:00
1226369958380,"31 km E of Myaydo, Myanmar",reviewed,0,340,earthquake,4.7, Myanmar,95.512,19.367,83.1,2008-11-11 02:19:18.380000+00:00
1229117126560,"94 km W of Myanaung, Myanmar",reviewed,0,0,earthquake,0.0, Myanmar,94.423,18.304,35.0,2008-12-12 21:25:26.560000+00:00
1230129824870,"62 km SW of Minbu, Myanmar",reviewed,0,0,earthquake,0.0, Myanmar,94.469,19.77,55.2,2008-12-24 14:43:44.870000+00:00
1232098309660,"30 km SE of Magway, Myanmar",reviewed,0,298,earthquake,4.4, Myanmar,95.166,19.983,109.3,2009-01-16 09:31:49.660000+00:00
1232502144650,"80 km SSE of Pyapon, Myanmar",reviewed,0,385,earthquake,5.0, Myanmar,96.038,15.646,35.0,2009-01-21 01:42:24.650000+00:00
1234302981130,"91 km SE of Pyapon, Myanmar",reviewed,0,284,earthquake,4.3, Myanmar,96.171,15.604,34.3,2009-02-10 21:56:21.130000+00:00
1235997394990,"77 km SSE of Pyapon, Myanmar",reviewed,0,326,earthquake,4.6, Myanmar,95.94,15.637,10.0,2009-03-02 12:36:34.990000+00:00
1235997394990,"77 km SSE of Pyapon, Myanmar",reviewed,0,326,earthquake,4.6, Myanmar,95.94,15.637,10.0,2009-03-02 12:36:34.990000+00:00
1235998537870,"70 km SSE of Pyapon, Myanmar",reviewed,0,284,earthquake,4.3, Myanmar,96.013,15.735,10.0,2009-03-02 12:55:37.870000+00:00
1235998537870,"70 km SSE of Pyapon, Myanmar",reviewed,0,284,earthquake,4.3, Myanmar,96.013,15.735,10.0,2009-03-02 12:55:37.870000+00:00
1236268192780,"85 km SSE of Pyapon, Myanmar",reviewed,0,400,earthquake,5.1, Myanmar,95.993,15.577,7.9,2009-03-05 15:49:52.780000+00:00
1236285110570,"90 km SSE of Pyapon, Myanmar",reviewed,0,312,earthquake,4.5, Myanmar,96.06,15.56,35.0,2009-03-05 20:31:50.570000+00:00
1236349176780,"77 km SSE of Pyapon, Myanmar",reviewed,0,326,earthquake,4.6, Myanmar,96.015,15.663,25.0,2009-03-06 14:19:36.780000+00:00
1248298547190,"80 km ESE of Sittwe, Myanmar",reviewed,0,259,earthquake,4.1, Myanmar,93.619,19.883,35.0,2009-07-22 21:35:47.190000+00:00
1251600064030,"124 km W of Myanaung, Myanmar",reviewed,0,298,earthquake,4.4, Myanmar,94.141,18.229,13.7,2009-08-30 02:41:04.030000+00:00
1252120749510,"137 km SW of Pathein, Myanmar",reviewed,0,326,earthquake,4.6, Myanmar,93.671,16.081,10.0,2009-09-05 03:19:09.510000+00:00
1253561922330,"10 km SW of Yenangyaung, Myanmar",reviewed,0,502,earthquake,5.7, Myanmar,94.793,20.404,84.2,2009-09-21 19:38:42.330000+00:00
1256026804670,"23 km NNW of Twante, Myanmar",reviewed,0,271,earthquake,4.2, Myanmar,95.817,16.893,10.0,2009-10-20 08:20:04.670000+00:00
1263859388610,"19 km S of Chauk, Myanmar",reviewed,0,326,earthquake,4.6, Myanmar,94.809,20.719,99.7,2010-01-19 00:03:08.610000+00:00
1267902680330,"31 km WNW of Nay Pyi Taw, Myanmar",reviewed,0,298,earthquake,4.4, Myanmar,95.843,19.841,33.4,2010-03-06 19:11:20.330000+00:00
1268470411770,"157 km SSE of Pyapon, Myanmar",reviewed,0,340,earthquake,4.7, Myanmar,96.321,15.007,35.0,2010-03-13 08:53:31.770000+00:00
1276831236770,"10 km NNW of Pathein, Myanmar",reviewed,0,246,earthquake,4.0, Myanmar,94.694,16.863,10.0,2010-06-18 03:20:36.770000+00:00
1277631831360,"253 km S of Bogale, Myanmar",reviewed,0,385,earthquake,5.0, Myanmar,95.347,14.002,34.8,2010-06-27 09:43:51.360000+00:00
1277635907720,"272 km WSW of Dawei, Myanmar",reviewed,0,385,earthquake,5.0, Myanmar,95.768,13.417,39.6,2010-06-27 10:51:47.720000+00:00
1280048223950,"49 km SSW of Pathein, Myanmar",reviewed,0,326,earthquake,4.6, Myanmar,94.611,16.345,10.0,2010-07-25 08:57:03.950000+00:00
1280064712160,"73 km SSW of Pathein, Myanmar",reviewed,0,246,earthquake,4.0, Myanmar,94.568,16.136,10.0,2010-07-25 13:31:52.160000+00:00
1288430158730,"86 km W of Myanaung, Myanmar",reviewed,0,271,earthquake,4.2, Myanmar,94.501,18.267,10.0,2010-10-30 09:15:58.730000+00:00
1290868462880,"43 km E of Myaydo, Myanmar",reviewed,0,326,earthquake,4.6, Myanmar,95.625,19.312,40.0,2010-11-27 14:34:22.880000+00:00
1296555862510,"178 km W of Dawei, Myanmar",reviewed,0,312,earthquake,4.5, Myanmar,96.546,14.265,35.0,2011-02-01 10:24:22.510000+00:00
1298536094560,"22 km NNW of Myaydo, Myanmar",reviewed,0,340,earthquake,4.7, Myanmar,95.124,19.55,83.6,2011-02-24 08:28:14.560000+00:00
1298854504650,"22 km W of Taungdwingyi, Myanmar",reviewed,0,326,earthquake,4.6, Myanmar,95.333,19.98,117.4,2011-02-28 00:55:04.650000+00:00
1300974912010,"27 km NNW of Tachilek, Myanmar",reviewed,0,1154,earthquake,6.9, Myanmar,99.822,20.687,8.0,2011-03-24 13:55:12.010000+00:00
1300982075150,"25 km NNW of Tachilek, Myanmar",reviewed,0,500,earthquake,5.7, Myanmar,99.77,20.65,10.0,2011-03-24 15:54:35.150000+00:00
1301023562460,"34 km WNW of Tachilek, Myanmar",reviewed,0,259,earthquake,4.1, Myanmar,99.586,20.583,10.0,2011-03-25 03:26:02.460000+00:00
1301172582980,"15 km NNW of Tachilek, Myanmar",reviewed,0,284,earthquake,4.3, Myanmar,99.816,20.572,10.0,2011-03-26 20:49:42.980000+00:00
1304343977390,"82 km W of Yenangyaung, Myanmar",reviewed,0,271,earthquake,4.2, Myanmar,94.08,20.431,62.3,2011-05-02 13:46:17.390000+00:00
1313948618030,"180 km SW of Mawlamyinegyunn, Myanmar",reviewed,0,271,earthquake,4.2, Myanmar,94.314,15.036,35.0,2011-08-21 17:43:38.030000+00:00
1317431929880,"283 km WSW of Dawei, Myanmar",reviewed,0,326,earthquake,4.6, Myanmar,95.847,12.939,42.3,2011-10-01 01:18:49.880000+00:00
1317442939210,"282 km WSW of Dawei, Myanmar",reviewed,0,417,earthquake,5.2, Myanmar,95.838,12.969,46.8,2011-10-01 04:22:19.210000+00:00
1317471480990,"282 km WSW of Dawei, Myanmar",reviewed,0,259,earthquake,4.1, Myanmar,95.885,12.89,35.0,2011-10-01 12:18:00.990000+00:00
1317473337410,"287 km WSW of Dawei, Myanmar",reviewed,0,385,earthquake,5.0, Myanmar,95.784,12.989,15.1,2011-10-01 12:48:57.410000+00:00
1317474482550,"285 km WSW of Dawei, Myanmar",reviewed,0,271,earthquake,4.2, Myanmar,95.813,12.963,35.0,2011-10-01 13:08:02.550000+00:00
1317491655250,"279 km WSW of Dawei, Myanmar",reviewed,0,312,earthquake,4.5, Myanmar,95.923,12.874,14.9,2011-10-01 17:54:15.250000+00:00
1317616503360,"282 km WSW of Dawei, Myanmar",reviewed,0,354,earthquake,4.8, Myanmar,95.797,13.071,42.9,2011-10-03 04:35:03.360000+00:00
1323517458920,"45 km SSW of Bogale, Myanmar",reviewed,0,259,earthquake,4.1, Myanmar,95.18,15.946,10.0,2011-12-10 11:44:18.920000+00:00
1329320207630,"36 km E of Tharyarwady, Myanmar",reviewed,0,298,earthquake,4.4, Myanmar,96.131,17.707,10.0,2012-02-15 15:36:47.630000+00:00
1336518764320,"20 km W of Minbu, Myanmar",reviewed,0,298,earthquake,4.4, Myanmar,94.677,20.206,79.8,2012-05-08 23:12:44.320000+00:00
1337454638070,"127 km SW of Kyaikkami, Myanmar",reviewed,0,326,earthquake,4.6, Myanmar,96.828,15.17,10.0,2012-05-19 19:10:38.070000+00:00
1337915499630,"203 km NW of Pathein, Myanmar",reviewed,0,284,earthquake,4.3, Myanmar,93.403,18.105,35.0,2012-05-25 03:11:39.630000+00:00
1345262518410,"24 km ESE of Taunggyi, Myanmar",reviewed,0,259,earthquake,4.1, Myanmar,97.264,20.726,10.0,2012-08-18 04:01:58.410000+00:00
1350806086990,"222 km WSW of Dawei, Myanmar",reviewed,0,340,earthquake,4.7, Myanmar,96.175,13.694,35.0,2012-10-21 07:54:46.990000+00:00
1352771539810,"49 km WNW of Taungoo, Myanmar",reviewed,0,354,earthquake,4.8, Myanmar,95.999,19.121,22.0,2012-11-13 01:52:19.810000+00:00
1353257179100,Myanmar,reviewed,0,326,earthquake,4.6,Myanmar,95.652,19.235,11.8,2012-11-18 16:46:19.100000+00:00
1354191735260,"240 km SSW of Bogale, Myanmar",reviewed,0,340,earthquake,4.7, Myanmar,94.174,14.469,74.9,2012-11-29 12:22:15.260000+00:00
1355794366310,"46 km E of Myaydo, Myanmar",reviewed,0,298,earthquake,4.4, Myanmar,95.652,19.333,38.3,2012-12-18 01:32:46.310000+00:00
1359553022140,"3 km SSE of Yangon, Myanmar",reviewed,0,184,earthquake,3.4, Myanmar,96.17,16.78,10.0,2013-01-30 13:37:02.140000+00:00
1361880723760,"275 km WSW of Dawei, Myanmar",reviewed,0,271,earthquake,4.2, Myanmar,95.792,13.253,35.0,2013-02-26 12:12:03.760000+00:00
1361881418860,"261 km WSW of Dawei, Myanmar",reviewed,0,271,earthquake,4.2, Myanmar,95.919,13.277,35.0,2013-02-26 12:23:38.860000+00:00
1361889749380,"274 km WSW of Dawei, Myanmar",reviewed,0,312,earthquake,4.5, Myanmar,95.809,13.228,10.0,2013-02-26 14:42:29.380000+00:00
1364286115170,"13 km WSW of Thayetmyo, Myanmar",reviewed,0,298,earthquake,4.4, Myanmar,95.071,19.262,73.9,2013-03-26 08:21:55.170000+00:00
1365006945110,"48 km ESE of Myaydo, Myanmar",reviewed,0,450,earthquake,5.4, Myanmar,95.646,19.223,6.0,2013-04-03 16:35:45.110000+00:00
1365030022350,"57 km ESE of Myaydo, Myanmar",reviewed,0,326,earthquake,4.6, Myanmar,95.748,19.25,10.0,2013-04-03 23:00:22.350000+00:00
1365088586520,"57 km ESE of Myaydo, Myanmar",reviewed,0,400,earthquake,5.1, Myanmar,95.745,19.247,10.7,2013-04-04 15:16:26.520000+00:00
1365144272590,"43 km ESE of Myaydo, Myanmar",reviewed,0,326,earthquake,4.6, Myanmar,95.611,19.243,10.0,2013-04-05 06:44:32.590000+00:00
1365652022930,"44 km ESE of Myaydo, Myanmar",reviewed,0,465,earthquake,5.5, Myanmar,95.623,19.258,9.9,2013-04-11 03:47:02.930000+00:00
1365748361790,"27 km WSW of Nay Pyi Taw, Myanmar",reviewed,0,284,earthquake,4.3, Myanmar,95.887,19.647,16.2,2013-04-12 06:32:41.790000+00:00
1365756123330,"57 km E of Myaydo, Myanmar",reviewed,0,326,earthquake,4.6, Myanmar,95.759,19.281,10.1,2013-04-12 08:42:03.330000+00:00
1367917170140,"132 km SSE of Pyapon, Myanmar",reviewed,0,271,earthquake,4.2, Myanmar,96.242,15.218,10.0,2013-05-07 08:59:30.140000+00:00
1367960694000,"136 km SSE of Pyapon, Myanmar",reviewed,0,284,earthquake,4.3, Myanmar,96.28,15.196,23.8,2013-05-07 21:04:54+00:00
1369909880540,"40 km NNE of Paungde, Myanmar",reviewed,0,284,earthquake,4.3, Myanmar,95.638,18.84,66.9,2013-05-30 10:31:20.540000+00:00
1374198832140,"49 km WNW of Thayetmyo, Myanmar",reviewed,0,326,earthquake,4.6, Myanmar,94.735,19.455,35.4,2013-07-19 01:53:52.140000+00:00
1375919963070,"95 km WSW of Chauk, Myanmar",reviewed,0,354,earthquake,4.8, Myanmar,93.9641,20.5931,61.46,2013-08-07 23:59:23.070000+00:00
1379285247640,"18 km SW of Pathein, Myanmar",reviewed,0,284,earthquake,4.3, Myanmar,94.6248,16.6433,16.37,2013-09-15 22:47:27.640000+00:00
1383321263830,"164 km WSW of Dawei, Myanmar",reviewed,0,284,earthquake,4.3, Myanmar,96.7124,13.7263,39.17,2013-11-01 15:54:23.830000+00:00
1387815408380,"18 km NW of Yenangyaung, Myanmar",reviewed,0,354,earthquake,4.8, Myanmar,94.7299,20.5592,93.96,2013-12-23 16:16:48.380000+00:00
1389997610130,"133 km SE of Pyapon, Myanmar",reviewed,0,271,earthquake,4.2, Myanmar,96.5031,15.3763,31.96,2014-01-17 22:26:50.130000+00:00
1390006547690,"113 km SSE of Pyapon, Myanmar",reviewed,0,326,earthquake,4.6, Myanmar,96.16,15.375,25.04,2014-01-18 00:55:47.690000+00:00
1390571341180,"284 km WSW of Dawei, Myanmar",reviewed,0,298,earthquake,4.4, Myanmar,95.7026,13.2429,30.04,2014-01-24 13:49:01.180000+00:00
1394380979690,"56 km ESE of Myaydo, Myanmar",reviewed,0,400,earthquake,5.1, Myanmar,95.7207,19.1942,24.93,2014-03-09 16:02:59.690000+00:00
1398583795990,"136 km SE of Pyapon, Myanmar",reviewed,0,259,earthquake,4.1, Myanmar,96.461,15.3152,24.4,2014-04-27 07:29:55.990000+00:00
1402218902260,"12 km S of Pyinmana, Myanmar",reviewed,0,326,earthquake,4.6, Myanmar,96.1897,19.6266,27.03,2014-06-08 09:15:02.260000+00:00
1407143510500,"39 km ESE of Pyapon, Myanmar",reviewed,0,130,earthquake,2.9, Myanmar,96.0109,16.1393,10.0,2014-08-04 09:11:50.500000+00:00
1407252849120,"75 km SE of Pyapon, Myanmar",reviewed,0,271,earthquake,4.2, Myanmar,96.2235,15.8472,22.9,2014-08-05 15:34:09.120000+00:00
1407255113300,"77 km SE of Pyapon, Myanmar",reviewed,0,326,earthquake,4.6, Myanmar,96.2541,15.8545,24.31,2014-08-05 16:11:53.300000+00:00
1408317040320,"34 km SSE of Taungdwingyi, Myanmar",reviewed,0,271,earthquake,4.2, Myanmar,95.663,19.713,32.61,2014-08-17 23:10:40.320000+00:00
1408662935080,"85 km W of Myanaung, Myanmar",reviewed,0,284,earthquake,4.3, Myanmar,94.5089,18.2994,49.45,2014-08-21 23:15:35.080000+00:00
1410769165760,"50 km N of Sittwe, Myanmar",reviewed,0,312,earthquake,4.5, Myanmar,92.9736,20.5933,10.0,2014-09-15 08:19:25.760000+00:00
1412849008490,Myanmar,reviewed,0,312,earthquake,4.5,Myanmar,95.2938,18.2953,59.14,2014-10-09 10:03:28.490000+00:00
1414420427490,"96 km NNW of Pathein, Myanmar",reviewed,0,298,earthquake,4.4, Myanmar,94.343,17.5671,38.31,2014-10-27 14:33:47.490000+00:00
1415615669100,"32 km WNW of Thayetmyo, Myanmar",reviewed,0,326,earthquake,4.6, Myanmar,94.9167,19.4662,67.46,2014-11-10 10:34:29.100000+00:00
1416198852360,"43 km WSW of Chauk, Myanmar",reviewed,0,432,earthquake,5.3, Myanmar,94.4211,20.7795,66.0,2014-11-17 04:34:12.360000+00:00
1417136981670,"15 km WSW of Bago, Myanmar",reviewed,0,298,earthquake,4.4, Myanmar,96.3481,17.2751,15.39,2014-11-28 01:09:41.670000+00:00
1433706449440,"45 km SW of Thayetmyo, Myanmar",reviewed,0,271,earthquake,4.2, Myanmar,94.8369,19.0767,62.42,2015-06-07 19:47:29.440000+00:00
1437442027530,"26 km NW of Taungoo, Myanmar",reviewed,0,385,earthquake,5.0, Myanmar,96.2302,19.0777,9.49,2015-07-21 01:27:07.530000+00:00
1439226325620,"49 km E of Paungde, Myanmar",reviewed,0,312,earthquake,4.5, Myanmar,95.9666,18.4281,21.22,2015-08-10 17:05:25.620000+00:00
1439713456780,"24 km ESE of Paungde, Myanmar",reviewed,0,312,earthquake,4.5, Myanmar,95.7085,18.3756,10.0,2015-08-16 08:24:16.780000+00:00
1448694155570,"44 km SE of Paungde, Myanmar",reviewed,0,259,earthquake,4.1, Myanmar,95.8133,18.2175,65.62,2015-11-28 07:02:35.570000+00:00
1452610775080,"21 km SSW of Thongwa, Myanmar",reviewed,0,300,earthquake,4.4, Myanmar,96.4762,16.5725,50.56,2016-01-12 14:59:35.080000+00:00
1458429450070,Myanmar,reviewed,0,284,earthquake,4.3,Myanmar,97.6713,20.0446,27.05,2016-03-19 23:17:30.070000+00:00
1464847360850,"10 km ENE of Pyu, Myanmar",reviewed,0,326,earthquake,4.6, Myanmar,96.5261,18.5171,10.0,2016-06-02 06:02:40.850000+00:00
1466409922150,"94 km W of Yenangyaung, Myanmar",reviewed,0,312,earthquake,4.5, Myanmar,93.9691,20.5353,49.03,2016-06-20 08:05:22.150000+00:00
1468598882180,"168 km SSW of Pathein, Myanmar",reviewed,0,326,earthquake,4.6, Myanmar,93.8979,15.4873,10.0,2016-07-15 16:08:02.180000+00:00
1469401789190,"166 km SSE of Pyapon, Myanmar",reviewed,0,385,earthquake,5.0, Myanmar,96.4342,14.9748,27.75,2016-07-24 23:09:49.190000+00:00
1482990723910,"65 km W of Pathein, Myanmar",reviewed,0,298,earthquake,4.4, Myanmar,94.12,16.7482,14.89,2016-12-29 05:52:03.910000+00:00
1485035358510,"41 km SSW of Magway, Myanmar",reviewed,0,284,earthquake,4.3, Myanmar,94.7635,19.8125,71.98,2017-01-21 21:49:18.510000+00:00
1489414746670,"36 km SE of Tharyarwady, Myanmar",reviewed,0,442,earthquake,5.1, Myanmar,95.9998,17.3991,10.0,2017-03-13 14:19:06.670000+00:00
1489852701640,"288 km WSW of Dawei, Myanmar",reviewed,0,298,earthquake,4.4, Myanmar,95.8132,12.91,23.33,2017-03-18 15:58:21.640000+00:00
1490870092380,"33 km NE of Nyaungdon, Myanmar",reviewed,0,273,earthquake,4.2, Myanmar,95.8795,17.236,5.99,2017-03-30 10:34:52.380000+00:00
1499984317040,"277 km SW of Mawlamyinegyunn, Myanmar",reviewed,0,271,earthquake,4.2, Myanmar,93.7029,14.384,37.99,2017-07-13 22:18:37.040000+00:00
1505092783010,"40 km SSE of Tharyarwady, Myanmar",reviewed,0,271,earthquake,4.2, Myanmar,95.953,17.3198,10.0,2017-09-11 01:19:43.010000+00:00
1505138171510,"31 km SSE of Tharyarwady, Myanmar",reviewed,0,326,earthquake,4.6, Myanmar,95.9326,17.4028,10.0,2017-09-11 13:56:11.510000+00:00
1505439408460,"36 km W of Pyay, Myanmar",reviewed,0,354,earthquake,4.8, Myanmar,94.8786,18.83,51.99,2017-09-15 01:36:48.460000+00:00
1507044011200,"27 km SSW of Thayetmyo, Myanmar",reviewed,0,326,earthquake,4.6, Myanmar,95.0896,19.0907,43.05,2017-10-03 15:20:11.200000+00:00
1510449412400,"35 km SW of Wakema, Myanmar",reviewed,0,271,earthquake,4.2, Myanmar,94.9167,16.4041,15.52,2017-11-12 01:16:52.400000+00:00
1510709961400,"22 km WNW of Myanaung, Myanmar",reviewed,0,246,earthquake,4.0, Myanmar,95.1392,18.3914,10.0,2017-11-15 01:39:21.400000+00:00
1511638187500,"89 km W of Thayetmyo, Myanmar",reviewed,0,312,earthquake,4.5, Myanmar,94.3463,19.471,62.54,2017-11-25 19:29:47.500000+00:00
1515279417290,"106 km NNW of Pathein, Myanmar",reviewed,0,259,earthquake,4.1, Myanmar,94.4005,17.6825,36.26,2018-01-06 22:56:57.290000+00:00
1515695184240,"40 km WSW of Pyu, Myanmar",reviewed,0,711,earthquake,6.0, Myanmar,96.0717,18.3719,9.0,2018-01-11 18:26:24.240000+00:00
1515695318430,"48 km E of Paungde, Myanmar",reviewed,0,416,earthquake,5.2, Myanmar,95.9558,18.4229,10.0,2018-01-11 18:28:38.430000+00:00
1515695891980,"39 km WSW of Pyu, Myanmar",reviewed,0,369,earthquake,4.9, Myanmar,96.1079,18.3156,10.0,2018-01-11 18:38:11.980000+00:00
1515696179510,"28 km W of Pyu, Myanmar",reviewed,0,416,earthquake,5.2, Myanmar,96.1686,18.4505,10.0,2018-01-11 18:42:59.510000+00:00
1515696239650,"39 km W of Pyu, Myanmar",reviewed,0,370,earthquake,4.9, Myanmar,96.0697,18.4183,10.0,2018-01-11 18:43:59.650000+00:00
1515696785320,"33 km W of Pyu, Myanmar",reviewed,0,326,earthquake,4.6, Myanmar,96.1265,18.4286,10.0,2018-01-11 18:53:05.320000+00:00
1515696904840,"46 km WSW of Pyu, Myanmar",reviewed,0,340,earthquake,4.7, Myanmar,96.0162,18.348,10.0,2018-01-11 18:55:04.840000+00:00
1515701321120,"34 km W of Pyu, Myanmar",reviewed,0,326,earthquake,4.6, Myanmar,96.1126,18.5356,10.0,2018-01-11 20:08:41.120000+00:00
1515709843260,"44 km WSW of Pyu, Myanmar",reviewed,0,285,earthquake,4.3, Myanmar,96.0561,18.3199,10.0,2018-01-11 22:30:43.260000+00:00
1515730563750,"41 km WSW of Pyu, Myanmar",reviewed,0,298,earthquake,4.4, Myanmar,96.0774,18.3426,10.0,2018-01-12 04:16:03.750000+00:00
1515770635420,"19 km WSW of Pyu, Myanmar",reviewed,0,371,earthquake,4.9, Myanmar,96.2827,18.3926,10.0,2018-01-12 15:23:55.420000+00:00
1515831587450,"10 km S of Twante, Myanmar",reviewed,0,229,earthquake,3.8, Myanmar,95.9378,16.618,10.0,2018-01-13 08:19:47.450000+00:00
1515851474760,"23 km W of Pyu, Myanmar",reviewed,0,298,earthquake,4.4, Myanmar,96.215,18.4992,10.0,2018-01-13 13:51:14.760000+00:00
1515886186500,"38 km WSW of Pyu, Myanmar",reviewed,0,326,earthquake,4.6, Myanmar,96.0922,18.3725,10.0,2018-01-13 23:29:46.500000+00:00
1515952195250,"40 km WSW of Pyu, Myanmar",reviewed,0,340,earthquake,4.7, Myanmar,96.0978,18.3202,10.0,2018-01-14 17:49:55.250000+00:00
1516175008090,"36 km W of Pyu, Myanmar",reviewed,0,312,earthquake,4.5, Myanmar,96.0954,18.4364,10.0,2018-01-17 07:43:28.090000+00:00
1516606679270,"44 km WSW of Pyu, Myanmar",reviewed,0,340,earthquake,4.7, Myanmar,96.0706,18.2864,10.0,2018-01-22 07:37:59.270000+00:00
1517671750640,"40 km WNW of Tachilek, Myanmar",reviewed,0,330,earthquake,4.6, Myanmar,99.5264,20.5966,10.0,2018-02-03 15:29:10.640000+00:00
1517733719420,"77 km ESE of Pyapon, Myanmar",reviewed,0,273,earthquake,4.2, Myanmar,96.3651,16.0664,10.0,2018-02-04 08:41:59.420000+00:00
1517849735100,"31 km SW of Pyu, Myanmar",reviewed,0,326,earthquake,4.6, Myanmar,96.234,18.2777,10.0,2018-02-05 16:55:35.100000+00:00
1518021481640,"45 km SW of Pyu, Myanmar",reviewed,0,259,earthquake,4.1, Myanmar,96.1481,18.1755,10.0,2018-02-07 16:38:01.640000+00:00
1518151305170,"99 km W of Myanaung, Myanmar",reviewed,0,298,earthquake,4.4, Myanmar,94.3767,18.2361,43.31,2018-02-09 04:41:45.170000+00:00
1518199465560,"38 km SW of Pyu, Myanmar",reviewed,0,284,earthquake,4.3, Myanmar,96.1961,18.2178,20.86,2018-02-09 18:04:25.560000+00:00
1518592441980,"11 km SE of Pyay, Myanmar",reviewed,0,340,earthquake,4.7, Myanmar,95.3043,18.751,85.22,2018-02-14 07:14:01.980000+00:00
1520160490180,"30 km WSW of Pyu, Myanmar",reviewed,0,369,earthquake,4.9, Myanmar,96.1598,18.4234,10.0,2018-03-04 10:48:10.180000+00:00
1520457188040,"22 km WNW of Nay Pyi Taw, Myanmar",reviewed,0,366,earthquake,4.8, Myanmar,95.9379,19.8317,10.0,2018-03-07 21:13:08.040000+00:00
1521316743880,"32 km WSW of Pyu, Myanmar",reviewed,0,400,earthquake,5.1, Myanmar,96.151,18.3849,19.05,2018-03-17 19:59:03.880000+00:00
1523330271080,"54 km WSW of Pyu, Myanmar",reviewed,0,284,earthquake,4.3, Myanmar,95.9845,18.2522,37.49,2018-04-10 03:17:51.080000+00:00
1523744852520,"16 km SE of Pyapon, Myanmar",reviewed,0,265,earthquake,4.1, Myanmar,95.7911,16.1878,10.0,2018-04-14 22:27:32.520000+00:00
1523802470190,"13 km SSE of Pyapon, Myanmar",reviewed,0,179,earthquake,3.4, Myanmar,95.7135,16.1711,10.0,2018-04-15 14:27:50.190000+00:00
1524038136390,"12 km WNW of Twante, Myanmar",reviewed,0,284,earthquake,4.2, Myanmar,95.8304,16.7728,10.0,2018-04-18 07:55:36.390000+00:00
1524197761950,"31 km WSW of Pyu, Myanmar",reviewed,0,369,earthquake,4.9, Myanmar,96.1628,18.3668,10.0,2018-04-20 04:16:01.950000+00:00
1524263364470,"34 km WSW of Pyu, Myanmar",reviewed,0,385,earthquake,5.0, Myanmar,96.1596,18.3221,17.07,2018-04-20 22:29:24.470000+00:00
1524350471370,"38 km WSW of Pyu, Myanmar",reviewed,0,340,earthquake,4.7, Myanmar,96.0939,18.3529,10.0,2018-04-21 22:41:11.370000+00:00
1524421903620,"49 km WSW of Pyu, Myanmar",reviewed,0,370,earthquake,4.9, Myanmar,96.0331,18.2489,10.0,2018-04-22 18:31:43.620000+00:00
1524572614070,"34 km WSW of Pyu, Myanmar",reviewed,0,401,earthquake,5.1, Myanmar,96.1394,18.3623,10.0,2018-04-24 12:23:34.070000+00:00
1526989615690,"285 km W of Myeik, Myanmar",reviewed,0,340,earthquake,4.7, Myanmar,95.9839,12.2515,10.0,2018-05-22 11:46:55.690000+00:00
1534402211860,"73 km S of Thongwa, Myanmar",reviewed,0,286,earthquake,4.3, Myanmar,96.5102,16.0979,10.0,2018-08-16 06:50:11.860000+00:00
1536406606220,"60 km ENE of Pyay, Myanmar",reviewed,0,312,earthquake,4.5, Myanmar,95.7362,19.0589,10.0,2018-09-08 11:36:46.220000+00:00
1538659754050,"46 km NNW of Taungoo, Myanmar",reviewed,0,312,earthquake,4.5, Myanmar,96.2332,19.3133,10.0,2018-10-04 13:29:14.050000+00:00
1538732596960,"40 km ENE of Pyay, Myanmar",reviewed,0,271,earthquake,4.2, Myanmar,95.5839,18.9435,10.0,2018-10-05 09:43:16.960000+00:00
1539167284560,"46 km ENE of Pyay, Myanmar",reviewed,0,400,earthquake,5.1, Myanmar,95.6084,19.0329,10.0,2018-10-10 10:28:04.560000+00:00
1540631804140,"52 km ENE of Pyay, Myanmar",reviewed,0,369,earthquake,4.9, Myanmar,95.6347,19.0858,10.0,2018-10-27 09:16:44.140000+00:00
1541447316160,"11 km SSW of Taungdwingyi, Myanmar",reviewed,0,326,earthquake,4.6, Myanmar,95.4886,19.9145,10.0,2018-11-05 19:48:36.160000+00:00
1542736159920,"79 km E of Sittwe, Myanmar",reviewed,0,312,earthquake,4.5, Myanmar,93.6524,20.2418,44.84,2018-11-20 17:49:19.920000+00:00
1548647559700,"46 km SW of Pyu, Myanmar",reviewed,0,312,earthquake,4.5, Myanmar,96.0814,18.2393,27.66,2019-01-28 03:52:39.700000+00:00
1550391775840,"46 km W of Myanaung, Myanmar",reviewed,0,259,earthquake,4.1, Myanmar,94.8807,18.3005,35.0,2019-02-17 08:22:55.840000+00:00
1553608332900,"81 km NE of Sittwe, Myanmar",reviewed,0,340,earthquake,4.7, Myanmar,93.4157,20.6982,35.0,2019-03-26 13:52:12.900000+00:00
1553704762159,"88 km W of Pyay, Myanmar",reviewed,0,284,earthquake,4.3, Myanmar,94.3994,18.9768,57.54,2019-03-27 16:39:22.159000+00:00
1555830101619,"72 km WNW of Yenangyaung, Myanmar",reviewed,0,271,earthquake,4.2, Myanmar,94.1897,20.5992,62.83,2019-04-21 07:01:41.619000+00:00
1560579799694,"94 km WNW of Pathein, Myanmar",reviewed,0,246,earthquake,4.0, Myanmar,93.9096,17.0952,10.0,2019-06-15 06:23:19.694000+00:00
1560832100634,"41 km ENE of Letpandan, Myanmar",reviewed,0,354,earthquake,4.8, Myanmar,96.1277,17.8972,16.19,2019-06-18 04:28:20.634000+00:00
1566098661878,"81 km WSW of Pyay, Myanmar",reviewed,0,418,earthquake,5.2, Myanmar,94.5394,18.4733,26.14,2019-08-18 03:24:21.878000+00:00
1566099493321,"82 km W of Myanaung, Myanmar",reviewed,0,354,earthquake,4.8, Myanmar,94.5477,18.3975,35.0,2019-08-18 03:38:13.321000+00:00
1568146724667,"30 km WSW of Mawlamyinegyunn, Myanmar",reviewed,0,326,earthquake,4.6, Myanmar,95.0235,16.2362,10.0,2019-09-10 20:18:44.667000+00:00
1571707840682,"51 km ESE of Myaydo, Myanmar",reviewed,0,285,earthquake,4.3, Myanmar,95.695,19.2642,10.0,2019-10-22 01:30:40.682000+00:00
1574760972864,"17 km WSW of Thayetmyo, Myanmar",reviewed,0,340,earthquake,4.7, Myanmar,95.0235,19.2631,76.48,2019-11-26 09:36:12.864000+00:00
1574766357604,"27 km WSW of Thayetmyo, Myanmar",reviewed,0,437,earthquake,5.3, Myanmar,94.9378,19.2269,60.78,2019-11-26 11:05:57.604000+00:00
1575689106665,"63 km WSW of Minbu, Myanmar",reviewed,0,259,earthquake,4.1, Myanmar,94.3299,19.9237,66.45,2019-12-07 03:25:06.665000+00:00
1579772884838,"70 km NE of Sittwe, Myanmar",reviewed,0,369,earthquake,4.9, Myanmar,93.4447,20.5189,22.56,2020-01-23 09:48:04.838000+00:00
1580825423587,"28 km W of Nay Pyi Taw, Myanmar",reviewed,0,299,earthquake,4.4, Myanmar,95.8596,19.7608,10.0,2020-02-04 14:10:23.587000+00:00
1581275446707,"104 km W of Yenangyaung, Myanmar",reviewed,0,326,earthquake,4.6, Myanmar,93.8715,20.5392,51.0,2020-02-09 19:10:46.707000+00:00
1581443562268,"105 km NNW of Pathein, Myanmar",reviewed,0,326,earthquake,4.6, Myanmar,94.317,17.6453,10.0,2020-02-11 17:52:42.268000+00:00
1581990937405,"24 km NNW of Taungoo, Myanmar",reviewed,0,246,earthquake,4.0, Myanmar,96.3104,19.1257,10.0,2020-02-18 01:55:37.405000+00:00
1583227130445,"104 km NNW of Pathein, Myanmar",reviewed,0,369,earthquake,4.9, Myanmar,94.3051,17.6247,10.0,2020-03-03 09:18:50.445000+00:00
1586979380915,"91 km ENE of Sittwe, Myanmar",reviewed,0,271,earthquake,4.2, Myanmar,93.6698,20.5448,10.0,2020-04-15 19:36:20.915000+00:00
1587359955437,"43 km SW of Hinthada, Myanmar",reviewed,0,271,earthquake,4.2, Myanmar,95.1694,17.3704,64.38,2020-04-20 05:19:15.437000+00:00
1587581220201,"25 km NNE of Yangon, Myanmar",reviewed,0,148,earthquake,3.1, Myanmar,96.2746,17.0062,10.0,2020-04-22 18:47:00.201000+00:00
1588764412383,"36 km WSW of Pathein, Myanmar",reviewed,0,259,earthquake,4.1, Myanmar,94.4169,16.6415,10.0,2020-05-06 11:26:52.383000+00:00
1589689935434,"12 km NNW of Yamethin, Myanmar",reviewed,0,326,earthquake,4.6, Myanmar,96.0814,20.5275,10.0,2020-05-17 04:32:15.434000+00:00
1589785342593,"14 km NW of Pathein, Myanmar",reviewed,0,246,earthquake,4.0, Myanmar,94.6443,16.8761,10.0,2020-05-18 07:02:22.593000+00:00
1590225097219,"286 km SSW of Bogale, Myanmar",reviewed,0,340,earthquake,4.7, Myanmar,94.0306,14.0757,80.07,2020-05-23 09:11:37.219000+00:00
1598543410966,"23 km WSW of Myanaung, Myanmar",reviewed,0,284,earthquake,4.3, Myanmar,95.1077,18.2351,33.21,2020-08-27 15:50:10.966000+00:00
1601827202846,"51 km WSW of Chauk, Myanmar",reviewed,0,284,earthquake,4.3, Myanmar,94.4032,20.6448,78.19,2020-10-04 16:00:02.846000+00:00
1608992349417,"205 km WSW of Pathein, Myanmar",reviewed,0,312,earthquake,4.5, Myanmar,92.9758,16.0246,10.0,2020-12-26 14:19:09.417000+00:00
1612798837923,"185 km W of Dawei, Myanmar",reviewed,0,298,earthquake,4.4, Myanmar,96.4846,13.9209,10.0,2021-02-08 15:40:37.923000+00:00
1616632133494,"119 km NNW of Pathein, Myanmar",reviewed,0,284,earthquake,4.3, Myanmar,94.1714,17.7099,10.0,2021-03-25 00:28:53.494000+00:00
1619815653896,"39 km SSW of Loikaw, Myanmar",reviewed,0,298,earthquake,4.4, Myanmar,97.1038,19.3381,15.0,2021-04-30 20:47:33.896000+00:00
1621292074366,"261 km SW of Mawlamyinegyunn, Myanmar",reviewed,0,259,earthquake,4.1, Myanmar,93.7329,14.5393,25.9,2021-05-17 22:54:34.366000+00:00
1621643911888,"26 km ENE of Taungdwingyi, Myanmar",reviewed,0,298,earthquake,4.4, Myanmar,95.7789,20.0893,10.0,2021-05-22 00:38:31.888000+00:00
1631550644158,"299 km WSW of Dawei, Myanmar",reviewed,0,312,earthquake,4.5, Myanmar,95.722,12.8565,10.0,2021-09-13 16:30:44.158000+00:00
1636885811352,"207 km WSW of Pathein, Myanmar",reviewed,0,354,earthquake,4.8, Myanmar,93.0067,15.9095,10.0,2021-11-14 10:30:11.352000+00:00
1638220926678,"83 km W of Yenangyaung, Myanmar",reviewed,0,271,earthquake,4.2, Myanmar,94.0737,20.5401,62.35,2021-11-29 21:22:06.678000+00:00
1640350050331,"17 km W of Pyu, Myanmar",reviewed,0,271,earthquake,4.2, Myanmar,96.2729,18.4813,14.42,2021-12-24 12:47:30.331000+00:00
1647142096992,"211 km SW of Pathein, Myanmar",reviewed,0,284,earthquake,4.3, Myanmar,93.5518,15.2481,10.0,2022-03-13 03:28:16.992000+00:00
1654101795623,"90 km NW of Pathein, Myanmar",reviewed,0,417,earthquake,5.2, Myanmar,94.2503,17.4476,26.0,2022-06-01 16:43:15.623000+00:00
1654140338465,"96 km NNW of Pathein, Myanmar",reviewed,0,284,earthquake,4.3, Myanmar,94.253,17.5218,10.0,2022-06-02 03:25:38.465000+00:00
1656815172521,"43 km WNW of Myaydo, Myanmar",reviewed,0,401,earthquake,5.1, Myanmar,94.8605,19.5636,10.0,2022-07-03 02:26:12.521000+00:00
1657038590146,"63 km SW of Pyay, Myanmar",reviewed,0,259,earthquake,4.1, Myanmar,94.7462,18.4692,49.73,2022-07-05 16:29:50.146000+00:00
1657227675773,"40 km ENE of Pyu, Myanmar",reviewed,0,326,earthquake,4.6, Myanmar,96.782,18.6394,10.0,2022-07-07 21:01:15.773000+00:00
1664107368675,"99 km W of Myanaung, Myanmar",reviewed,0,298,earthquake,4.4, Myanmar,94.3829,18.2251,22.461,2022-09-25 12:02:48.675000+00:00
1665463860817,Myanmar,reviewed,0,259,earthquake,4.1,Myanmar,94.6638,19.6388,72.46,2022-10-11 04:51:00.817000+00:00
1666696174944,"49 km W of Minbu, Myanmar",reviewed,0,298,earthquake,4.4, Myanmar,94.4057,20.1966,64.331,2022-10-25 11:09:34.944000+00:00
1667308189581,"64 km SSW of Minbu, Myanmar",reviewed,0,326,earthquake,4.6, Myanmar,94.5597,19.6848,68.26,2022-11-01 13:09:49.581000+00:00
1670153629125,"51 km E of Pyapon, Myanmar",reviewed,0,246,earthquake,4.0, Myanmar,96.1565,16.2075,10.0,2022-12-04 11:33:49.125000+00:00
1671471077786,"39 km NNW of Nay Pyi Taw, Myanmar",reviewed,0,312,earthquake,4.5, Myanmar,95.9786,20.0744,10.0,2022-12-19 17:31:17.786000+00:00
1672550829979,"157 km WNW of Pathein, Myanmar",reviewed,0,340,earthquake,4.7, Myanmar,93.4248,17.4535,39.85,2023-01-01 05:27:09.979000+00:00
1675299892791,"75 km WSW of Minbu, Myanmar",reviewed,0,298,earthquake,4.4, Myanmar,94.2003,19.9292,36.678,2023-02-02 01:04:52.791000+00:00
1676954449223,"120 km SSE of Pyapon, Myanmar",reviewed,0,259,earthquake,4.1, Myanmar,96.1335,15.2852,13.027,2023-02-21 04:40:49.223000+00:00
1677769466543,"162 km WSW of Pathein, Myanmar",reviewed,0,312,earthquake,4.5, Myanmar,93.3461,16.1726,10.0,2023-03-02 15:04:26.543000+00:00
1677769466543,"162 km WSW of Pathein, Myanmar",reviewed,0,312,earthquake,4.5, Myanmar,93.3461,16.1726,10.0,2023-03-02 15:04:26.543000+00:00
1679727107013,"34 km W of Myanaung, Myanmar",reviewed,0,259,earthquake,4.1, Myanmar,94.9979,18.3402,53.519,2023-03-25 06:51:47.013000+00:00
1680724494348,"100 km SSE of Pyapon, Myanmar",reviewed,0,284,earthquake,4.3, Myanmar,96.0008,15.4297,11.864,2023-04-05 19:54:54.348000+00:00
1686131630779,"20 km SSW of Nyaungdon, Myanmar",reviewed,0,364,earthquake,4.8, Myanmar,95.5462,16.8861,10.0,2023-06-07 09:53:50.779000+00:00
1687138824074,"131 km SSE of Pyapon, Myanmar",reviewed,0,488,earthquake,5.6, Myanmar,96.2895,15.2546,13.518,2023-06-19 01:40:24.074000+00:00
1687146415189,"131 km SSE of Pyapon, Myanmar",reviewed,0,298,earthquake,4.4, Myanmar,96.3568,15.296,13.493,2023-06-19 03:46:55.189000+00:00
1687148029633,"129 km SSE of Pyapon, Myanmar",reviewed,0,326,earthquake,4.6, Myanmar,96.2152,15.235,10.0,2023-06-19 04:13:49.633000+00:00
1687148070786,"111 km SSE of Pyapon, Myanmar",reviewed,0,271,earthquake,4.2, Myanmar,96.1871,15.4065,10.0,2023-06-19 04:14:30.786000+00:00
1687174610653,"117 km SSE of Pyapon, Myanmar",reviewed,0,340,earthquake,4.7, Myanmar,96.2849,15.4018,10.0,2023-06-19 11:36:50.653000+00:00
1687253025513,"130 km SSE of Pyapon, Myanmar",reviewed,0,271,earthquake,4.2, Myanmar,96.2519,15.2432,10.0,2023-06-20 09:23:45.513000+00:00
1687315638225,"108 km SSE of Pyapon, Myanmar",reviewed,0,326,earthquake,4.6, Myanmar,96.1549,15.4201,10.0,2023-06-21 02:47:18.225000+00:00
1687336002073,"135 km SSE of Pyapon, Myanmar",reviewed,0,284,earthquake,4.3, Myanmar,96.3573,15.2518,10.0,2023-06-21 08:26:42.073000+00:00
1687371987016,"130 km SE of Pyapon, Myanmar",reviewed,0,298,earthquake,4.4, Myanmar,96.3708,15.3125,10.0,2023-06-21 18:26:27.016000+00:00
1687382526596,"145 km SE of Pyapon, Myanmar",reviewed,0,298,earthquake,4.4, Myanmar,96.4824,15.2265,10.0,2023-06-21 21:22:06.596000+00:00
1687384711267,"120 km SE of Pyapon, Myanmar",reviewed,0,284,earthquake,4.3, Myanmar,96.356,15.4197,10.0,2023-06-21 21:58:31.267000+00:00
1687392776808,"112 km SSE of Pyapon, Myanmar",reviewed,0,369,earthquake,4.9, Myanmar,96.2622,15.4378,13.561,2023-06-22 00:12:56.808000+00:00
1687415651948,"113 km SSE of Pyapon, Myanmar",reviewed,0,259,earthquake,4.1, Myanmar,96.1679,15.3774,10.0,2023-06-22 06:34:11.948000+00:00
1688577145359,"23 km W of Myanaung, Myanmar",reviewed,0,259,earthquake,4.1, Myanmar,95.0973,18.2484,68.654,2023-07-05 17:12:25.359000+00:00
1690094852251,"168 km W of Pyay, Myanmar",reviewed,0,312,earthquake,4.5, Myanmar,93.648,18.5437,10.0,2023-07-23 06:47:32.251000+00:00
