candidate_id,adm3_name,adm4_name,adm4_pcode,lat,lon,spatial_group,gap_score,population_score,is_rural,safety_score,elevation_score,nearest_tower_km,population_2020,earthquake_score,cyclone_score,flood_score,elevation_m,label_suitability_score,optimal_site,label_source
0,Hmawbi,Tat Gyi Kone,MMR013003001,17.099261363575067,96.06638221797552,Hmawbi,0.0309525481649112,0.736725954989656,1,0.2238325456092963,0.6756756756756757,0.7738137041227817,14818.590277194977,0.8840780964166377,0.1646738162437438,0.0,26.0,44.233134,0,dashboard_rule_top_quartile_v1
1,Hmawbi,Hla Pa Dar,MMR013003002,17.089827014388444,96.00656529281645,Hmawbi,0.0658599866798952,0.6477943846143994,1,0.2016875059439553,0.10810810810810811,1.6464996669973813,4648.077059984207,0.9135342279515374,0.1453893353149191,0.0,5.0,35.683502,0,dashboard_rule_top_quartile_v1
2,Hmawbi,Min,MMR013003003,17.084235950777696,95.98213787445948,Hmawbi,0.0652721640561363,0.6478963506681301,1,0.1952749318263996,0.10810810810810811,1.631804101403409,4654.260695338249,0.9222145886760004,0.1389511186600006,0.0,5.0,35.607399,0,dashboard_rule_top_quartile_v1
3,Hmawbi,Pet Tan,MMR013003004,17.051702566376758,95.99152277848026,Hmawbi,0.0658739219246267,0.6273613320475591,1,0.21975050246168,0.16216216216216217,1.646848048115667,3560.9583710432053,0.8874353265304389,0.1728631332496459,0.0,7.0,36.013134,0,dashboard_rule_top_quartile_v1
4,Hmawbi,Shwe Hlay Gyi,MMR013003005,17.036090552867687,95.98065773120145,Hmawbi,0.1491024364886785,0.479974325724636,1,0.2249395986269697,0.05405405405405406,3.727560912216963,520.5366950035095,0.879740179692525,0.1818749908958931,0.0,3.0,34.060040,0,dashboard_rule_top_quartile_v1
5,Hmawbi,Pa Thi,MMR013003006,17.0422862561957,95.96276670694158,Hmawbi,0.188451891950223,0.5572968959736534,1,0.2143449911967094,0.1891891891891892,4.711297298755575,1427.9997063875198,0.8947263579385628,0.1675840303700815,0.0,8.0,39.287417,0,dashboard_rule_top_quartile_v1
6,Hmawbi,Chaung Wa,MMR013003007,17.079650627650203,95.96446004109252,Hmawbi,0.1356647180887622,0.5664151620538,1,0.1915175850929026,0.08108108108108109,3.391617952219056,1608.3610916137695,0.9273817117749074,0.1347197326561741,0.0,4.0,35.851095,0,dashboard_rule_top_quartile_v1
7,Hmawbi,Hmaw Bi Chaung Wa,MMR013003008,17.065021011136587,95.95890599494156,Hmawbi,0.1704354871477091,0.5871783104454811,1,0.1988430537802266,0.10810810810810811,4.2608871786927285,2108.600300073624,0.9169127934963276,0.145207144985966,0.0,5.0,38.169564,0,dashboard_rule_top_quartile_v1
8,Hmawbi,Hnaw Kone,MMR013003009,17.106214556378703,95.97071793661742,Hmawbi,0.1638955797833735,0.6299033372397194,1,0.1763041359394661,0.16216216216216217,4.097389494584338,3680.9672939777374,0.9489454902553388,0.1139479822899721,0.0,7.0,39.537283,0,dashboard_rule_top_quartile_v1
9,Hmawbi,Bant Bway Kone,MMR013003010,17.110537271133605,96.0094742544625,Hmawbi,0.0234898108227792,0.6687108528855936,1,0.1891506031381179,0.1891891891891892,0.5872452705694802,6105.346125125885,0.9313370418489484,0.1280860752685062,0.0,8.0,35.519749,0,dashboard_rule_top_quartile_v1
10,Hmawbi,Hle Ngoke Chaung,MMR013003011,17.138622467913635,96.00338680755776,Hmawbi,0.0170305050718938,0.7604135234606976,1,0.1671718578411781,0.3783783783783784,0.4257626267973463,20179.82586812973,0.962113944836344,0.1002085936528634,0.0,15.0,39.935802,0,dashboard_rule_top_quartile_v1
11,Hmawbi,Hpu Gyi,MMR013003012,17.239482811187607,96.0031165031464,Hmawbi,0.1847759805396578,0.7395715783826506,1,0.1481877178096774,0.4594594594594595,4.619399513491445,15378.63969874382,1.0,0.0120818812688171,0.0,18.0,46.848553,1,dashboard_rule_top_quartile_v1
12,Hmawbi,Let Pan Tan Su,MMR013003013,17.204179963720694,96.04735719586482,Hmawbi,0.0551410246965729,0.7126273018900234,1,0.1407382833620363,0.7027027027027027,1.378525617414323,10823.45849686861,0.9999657668035536,0.0619387656996215,0.0,27.0,44.180947,0,dashboard_rule_top_quartile_v1
13,Hmawbi,War Pa Taw,MMR013003014,17.18576228306319,96.01884163233238,Hmawbi,0.1336188774013481,0.6517783181538783,1,0.1401673678714761,0.4594594594594595,3.340471935033702,4895.897790551186,1.0,0.065550880856826,0.0,18.0,42.486752,0,dashboard_rule_top_quartile_v1
14,Hmawbi,War Net Chaung Bu Tar,MMR013003015,17.15341160829254,96.04300256195144,Hmawbi,0.0919303680132479,0.6924963314411957,1,0.1752902536760751,0.2972972972972973,2.2982592003311986,8325.039285182953,0.951718596280815,0.1049929299015479,0.0,12.0,40.107929,0,dashboard_rule_top_quartile_v1
15,Hmawbi,Auk War Net Chaung,MMR013003016,17.1314145812115,96.05681193903818,Hmawbi,0.0254456318514326,0.7185912899973642,1,0.1974940285944449,0.8108108108108109,0.6361407962858151,11698.577612042429,0.9210044889105132,0.1310143722107919,0.0,31.0,45.078169,0,dashboard_rule_top_quartile_v1
16,Hmawbi,Ku Lar Kone (U Htun Hla Ah Su),MMR013003018,17.166867108216426,95.99331453280148,Hmawbi,0.0098674174847056,0.7031027827308592,1,0.1426226547226351,0.40540540540540543,0.2466854371176421,9559.594440460203,0.9961978391104508,0.0707278802232107,0.0,16.0,38.299500,0,dashboard_rule_top_quartile_v1
17,Hmawbi,Myo Chaung,MMR013003019,17.122963608148265,95.95236920539526,Hmawbi,0.2158957588234734,0.620211276274431,1,0.1582402696224849,0.10810810810810811,5.397393970586836,3243.96589076519,0.974313937883736,0.090619221175597,0.0,5.0,40.457106,0,dashboard_rule_top_quartile_v1
18,Hmawbi,Kan Ka Lay (M),MMR013003020,17.150340185871094,95.97688416146131,Hmawbi,0.0658742396862582,0.6739906875727327,1,0.1479499697005475,0.2702702702702703,1.6468559921564567,6540.422708272934,0.9886821395641616,0.0778014111327675,0.0,11.0,38.015318,0,dashboard_rule_top_quartile_v1
19,Hmawbi,Myaung Ta Kar,MMR013003021,17.187571788463476,95.96425673263842,Hmawbi,0.0265944979934769,0.7541215092967882,1,0.1440428781327074,0.24324324324324326,0.6648624498369231,18590.64738166332,1.0,0.0397141457819501,0.0,10.0,38.182152,0,dashboard_rule_top_quartile_v1
20,Hmawbi,Nyaung Kone,MMR013003022,17.203516911158413,95.95197659560228,Hmawbi,0.0444525813481246,0.6436223288593076,1,0.1469156826500182,0.21621621621621623,1.111314533703115,4401.987287044525,1.0,0.0205621156665458,0.0,9.0,35.670814,0,dashboard_rule_top_quartile_v1
21,Hmawbi,Myit Kyoe,MMR013003023,17.210188811012173,95.91828066590028,Hmawbi,0.1869408181809274,0.6348741763434699,1,0.15,0.1891891891891892,4.673520454523187,3927.451558828354,1.0,0.0,0.0,8.0,40.692522,0,dashboard_rule_top_quartile_v1
22,Hmawbi,Shwe Mya Yar Kone,MMR013003024,17.224002291403107,95.9591768665472,Hmawbi,0.0216348989610846,0.7203824231099821,1,0.1490634862030467,0.2972972972972973,0.540872474027116,11974.960305690764,1.0,0.0062434253130217,0.0,12.0,37.856641,0,dashboard_rule_top_quartile_v1
23,Hmawbi,Pauk Kone,MMR013003025,17.075588730714273,96.04606922325944,Hmawbi,0.087013553779566,0.6065089202899899,1,0.2290759302033973,0.1891891891891892,2.1753388444891515,2713.168529510498,0.8757497484293407,0.176911890877754,0.0,8.0,36.729978,0,dashboard_rule_top_quartile_v1
24,Hmawbi,Than Day Pin,MMR013003026,17.082982798061018,96.09723440773764,Hmawbi,0.0198169790467334,0.7329449524414666,1,0.2511834268520913,0.5945945945945946,0.4954244761683356,14105.873046875,0.8467195617140113,0.1940329712733274,0.0,23.0,42.879014,0,dashboard_rule_top_quartile_v1
25,Hmawbi,Boe Daw Na Kone,MMR013003028,17.136018162698765,96.09717220248758,Hmawbi,0.1519564401223714,0.7084389742857655,1,0.2166846151003143,0.40540540540540543,3.798911003059285,10248.312767863274,0.8959336017845038,0.1451454892190493,0.0,16.0,44.642727,0,dashboard_rule_top_quartile_v1
26,Hmawbi,Nyaung Hnit Pin,MMR013003029,17.113252805472868,96.13584777608632,Hmawbi,0.1163099476857209,0.7025675700691837,1,0.2558113867375778,0.24324324324324326,2.907748692143025,9493.1237783432,0.8431026506981745,0.1836757344598257,0.0,10.0,41.319772,0,dashboard_rule_top_quartile_v1
27,Hmawbi,Yoe Gyi,MMR013003030,17.024544164626228,96.04413521483364,Hmawbi,0.104235477127219,0.5688029676582869,1,0.2598570154216618,0.10810810810810811,2.6058869281804764,1659.2428259849548,0.8313541120937169,0.2232799286578589,0.0,5.0,35.630328,0,dashboard_rule_top_quartile_v1
28,Hmawbi,Moe Kyoe Pyit,MMR013003031,17.049491119039917,96.03782802835632,Hmawbi,0.1192898425974492,0.6021470202758019,1,0.2416313088708114,0.24324324324324326,2.982246064936232,2563.1458798646927,0.8574236271226447,0.1970573871662709,0.0,10.0,38.693405,0,dashboard_rule_top_quartile_v1
29,Hmawbi,Yae Paw Theit,MMR013003032,17.021043635160368,96.01940058535386,Hmawbi,0.1124312423023836,0.6997271196352635,1,0.2503358454726992,0.16216216216216217,2.810781057559591,9148.012282252312,0.8440987260500588,0.214534915898339,0.0,7.0,39.988705,0,dashboard_rule_top_quartile_v1
30,Hmawbi,Yin Taik Pin,MMR013003033,17.060312153263297,96.08627609339464,Hmawbi,0.0716899709622874,0.6154731738285766,1,0.2596978056159611,0.6486486486486487,1.7922492740571854,3049.6069498062134,0.8338811803120763,0.2100212741251608,0.0,25.0,42.623436,0,dashboard_rule_top_quartile_v1
31,Hmawbi,Thar Yar Kone,MMR013003034,17.04541786547727,96.06037935321628,Hmawbi,0.0446773160284322,0.6089106904618841,1,0.2552810629252863,0.1891891891891892,1.1169329007108073,2799.4897224903107,0.8387961048843053,0.2116149861536941,0.0,8.0,35.363868,0,dashboard_rule_top_quartile_v1
32,Hmawbi,Thea Kone,MMR013003035,17.024429411071804,96.06430570017056,Hmawbi,0.087836071258396,0.6195116738084928,1,0.2700472348357529,0.24324324324324326,2.195901781459901,3214.5070610046387,0.8176244832816483,0.233146362498974,0.0,10.0,38.162691,0,dashboard_rule_top_quartile_v1
33,Hmawbi,Leik Poke Taw Ywar Gyi,MMR013003036,17.050685344725895,96.07116795843228,Hmawbi,0.0332460755679436,0.717474137517924,1,0.2576059122604076,0.21621621621621623,0.8311518891985908,11529.433434963226,0.8360201105084007,0.2118466253830118,0.0,9.0,38.121391,0,dashboard_rule_top_quartile_v1
34,Hmawbi,Ah Hta Yu,MMR013003037,17.081721743510332,96.1546754037828,Hmawbi,0.0315057682636894,0.6958850855072014,1,0.2886019182898267,0.16216216216216217,0.7876442065922352,8701.083636522293,0.7977819142118316,0.221889697534109,0.0,7.0,37.054577,0,dashboard_rule_top_quartile_v1
35,Hmawbi,In Hlyat,MMR013003038,17.084748087287743,96.07228079213972,Hmawbi,0.0662869697801294,0.64309855546256,1,0.2364004543263022,0.4864864864864865,1.657174244503236,4372.027277946472,0.8664531824315199,0.1807622707127057,0.0,19.0,40.814932,0,dashboard_rule_top_quartile_v1
36,Hmawbi,Sat Thwar Taw,MMR013003039,17.113449756309336,96.08062126151704,Hmawbi,0.0334294476505569,0.7632128366544851,1,0.2220505380078983,0.4864864864864865,0.835736191263924,20929.843145608906,0.887309911099073,0.1582402503859309,0.0,19.0,42.537837,0,dashboard_rule_top_quartile_v1
37,Hmawbi,Urban,MMR013003701,17.09645734378486,96.0376924346538,Hmawbi,0.0095136999370669,0.7790825636195974,0,0.2114340111910879,0.32432432432432434,0.2378424984266744,25740.284470319748,0.9005635051169614,0.153913396396633,0.0,13.0,26.765042,0,dashboard_rule_top_quartile_v1
38,Thanlyin,Win Kha Nee,MMR013023001,16.959431137636134,96.38391591427175,Thanlyin,0.2799896262949116,0.6394818699684127,1,0.5322408900982968,0.16216216216216217,6.999740657372791,4170.641679644585,0.4705536702319966,0.4519232680300407,0.0,7.0,47.425070,1,dashboard_rule_top_quartile_v1
39,Thanlyin,Hpar Ku (East),MMR013023002,16.928103071387177,96.3976424084987,Thanlyin,0.2689388358706073,0.6375351909986676,1,0.5567320891098655,0.10810810810810811,6.723470896765182,4066.11300098896,0.4347151220850407,0.4917337141189992,0.0,5.0,46.449779,1,dashboard_rule_top_quartile_v1
40,Thanlyin,Hpar Ku (West),MMR013023003,16.921189722010425,96.37470176055756,Thanlyin,0.1778781331262672,0.63241878436202,1,0.5397200143753413,0.05405405405405406,4.446953328156682,3803.702115178108,0.4554081181374646,0.4878872347187578,0.0,3.0,41.900079,0,dashboard_rule_top_quartile_v1
41,Thanlyin,Day Zat,MMR013023004,16.898894022108486,96.36780247064031,Thanlyin,0.108335136719455,0.6910320276180251,1,0.5423698441334306,0.10810810810810811,2.708378417986376,8167.617745280266,0.4486962283684836,0.5082557450223886,0.0,5.0,41.435967,0,dashboard_rule_top_quartile_v1
42,Thanlyin,Yone Tha Pyay Kan,MMR013023005,16.826318476877905,96.35149391056024,Thanlyin,0.2183474065816088,0.6610100335600341,1,0.5536533681057287,0.16216216216216217,5.458685164540221,5522.122419953346,0.4230386830984368,0.5784250084039999,0.0,7.0,45.760783,1,dashboard_rule_top_quartile_v1
43,Thanlyin,Min Ga Lun,MMR013023006,16.808804589030675,96.38458945716522,Thanlyin,0.295694709154842,0.6510906905654371,1,0.5856827410582576,0.16216216216216217,7.39236772887105,4852.199726104736,0.3789047459567543,0.6149881658566753,0.0,7.0,48.807167,1,dashboard_rule_top_quartile_v1
44,Thanlyin,Baw Tha Pyay Kan,MMR013023007,16.78388306446298,96.35401544972888,Thanlyin,0.3561318833990423,0.6759149972628228,1,0.5677206061467733,0.13513513513513514,8.903297084976058,6706.587297916412,0.3980064675629561,0.6264926428314267,0.0,6.0,51.310972,1,dashboard_rule_top_quartile_v1
45,Thanlyin,Kayin Seik,MMR013023008,16.763737150030625,96.38996811960034,Thanlyin,0.4575321651742328,0.6531062018993216,1,0.6017128303531883,0.08108108108108109,11.43830412935582,4981.400160193443,0.3506395481362949,0.6682903582064064,0.0,4.0,54.274329,1,dashboard_rule_top_quartile_v1
46,Thanlyin,Tha Pyay Kone,MMR013023009,16.870282188590494,96.3725625246941,Thanlyin,0.0261824495462661,0.5967274027065647,1,0.5565276505984099,0.16216216216216217,0.6545612386566548,2388.244408607483,0.4261859312838831,0.5414287187352629,0.0,7.0,36.589340,0,dashboard_rule_top_quartile_v1
47,Thanlyin,Bagan Taung,MMR013023010,16.849617009826435,96.38294217339087,Thanlyin,0.1246412315936635,0.6596248508172518,1,0.5720163346259055,0.08108108108108109,3.116030789841588,5423.287704229355,0.4030662347027151,0.5691824391785782,0.0,4.0,41.159983,0,dashboard_rule_top_quartile_v1
48,Thanlyin,Ah Lun Soke,MMR013023011,16.696946158499813,96.25483526624846,Thanlyin,0.021146086315169,0.7767094625363431,1,0.5145061330303953,0.10810810810810811,0.528652157879227,24956.17050886154,0.453221754014482,0.6683691737152997,0.0,5.0,40.016992,0,dashboard_rule_top_quartile_v1
49,Thanlyin,Kyaung Kone Seik Gyi (a) Gya Mar,MMR013023012,16.708279862214454,96.23767411213709,Thanlyin,0.0080041133344815,0.7757518058254688,1,0.5007109359249122,0.16216216216216217,0.2001028333620395,24646.54974508285,0.4733864898862808,0.6460703178116604,0.0,7.0,40.062853,0,dashboard_rule_top_quartile_v1
50,Thanlyin,Let Yet San,MMR013023013,16.70004004817721,96.30281039105157,Thanlyin,0.0214558611062388,0.734843304696136,1,0.5476439996457947,0.5405405405405406,0.5363965276559702,14459.320679426191,0.410043644774646,0.6921260153050415,0.0,21.0,44.865531,0,dashboard_rule_top_quartile_v1
51,Thanlyin,Thu Htay Kwin,MMR013023014,16.747549774219376,96.34130844278738,Thanlyin,0.2392138408937959,0.6560930224662415,1,0.5666754561246641,0.10810810810810811,5.980346022344897,5179.2167382240295,0.3932968751527812,0.6601479999698122,0.0,5.0,45.857208,1,dashboard_rule_top_quartile_v1
52,Thanlyin,Sit Pin Kwin,MMR013023015,16.746928833923445,96.31541024919552,Thanlyin,0.131883972532497,0.6775934477909491,1,0.5471193044836969,0.10810810810810811,3.2970993133124256,6854.9646137952805,0.418683912843123,0.6466624639976566,0.0,5.0,42.048171,0,dashboard_rule_top_quartile_v1
53,Thanlyin,Ba Yet,MMR013023016,16.765270030141608,96.3026449618421,Thanlyin,0.1439098941674555,0.6521366879492616,1,0.5331517298048192,0.16216216216216217,3.597747354186389,4918.827582120895,0.4399287649599464,0.6193921331948422,0.0,7.0,42.438257,0,dashboard_rule_top_quartile_v1
54,Thanlyin,Nga Byay Ma,MMR013023017,16.794403548316783,96.30636954582872,Thanlyin,0.1941133685409624,0.6899390147373329,1,0.5280865621840483,0.10810810810810811,4.852834213524062,8052.055376529694,0.4511687293173348,0.5894667859747807,0.0,5.0,44.639791,0,dashboard_rule_top_quartile_v1
55,Thanlyin,Nga/Pa,MMR013023018,16.782860547631838,96.27433626959431,Thanlyin,0.0918270456177618,0.6621305421680768,1,0.5078266413982826,0.13513513513513514,2.295676140444046,5603.388320922852,0.4758257268602665,0.5848099384699398,0.0,6.0,40.088197,0,dashboard_rule_top_quartile_v1
56,Thanlyin,Tha Nat Pin,MMR013023019,16.781036929707604,96.29181863246993,Thanlyin,0.1512534467469942,0.6347560684994007,1,0.52101234757019,0.16216216216216217,3.781336168674856,3921.407917022705,0.458296158732111,0.5962394500501049,0.0,7.0,42.166646,0,dashboard_rule_top_quartile_v1
57,Thanlyin,Bo Gyoke,MMR013023020,16.746555224938934,96.2346845735472,Thanlyin,0.0589207368816985,0.758953982902121,1,0.4899408369934611,0.08108108108108109,1.4730184220424631,19799.49371004105,0.4937433339475661,0.6025155276740514,0.0,4.0,40.465806,0,dashboard_rule_top_quartile_v1
58,Thanlyin,Nyaung Thone Pin,MMR013023021,16.7688388455687,96.27177782949838,Thanlyin,0.0553927715018011,0.7428689171685691,1,0.5098151897299457,0.10810810810810811,1.3848192875450278,16054.115273952484,0.471039858792266,0.5986728686441875,0.0,5.0,40.433492,0,dashboard_rule_top_quartile_v1
59,Thanlyin,Hpa Yar Kone,MMR013023022,16.722645993266735,96.28521340143097,Thanlyin,0.0586716193412669,0.8202638676365511,1,0.5304482365199995,0.5675675675675675,1.4667904835316747,44031.20804524422,0.4364829738742095,0.6569415712461495,0.0,22.0,48.753161,1,dashboard_rule_top_quartile_v1
60,Thanlyin,La Har Yet,MMR013023023,16.871798804691043,96.33974987193449,Thanlyin,0.1160869086241097,0.6941573187810655,1,0.5292617444385334,0.08108108108108109,2.9021727156027435,8507.281002044678,0.4614872752010199,0.5231604776039981,0.0,4.0,41.354317,0,dashboard_rule_top_quartile_v1
61,Thanlyin,Ka Dat Hpyar,MMR013023024,16.84561432561802,96.33655203949124,Thanlyin,0.1781802971843086,0.639568265537464,1,0.5356493260213673,0.10810810810810811,4.454507429607716,4175.342524290085,0.4492879428069966,0.5497061506179041,0.0,5.0,42.768066,0,dashboard_rule_top_quartile_v1
62,Thanlyin,Nyaung Lay Pin,MMR013023025,16.82661965124514,96.32152744799234,Thanlyin,0.1802373775966983,0.6580114293063408,1,0.530005414431644,0.13513513513513514,4.505934439917458,5310.395390510559,0.4536783969558901,0.5624529877056637,0.0,6.0,43.633136,0,dashboard_rule_top_quartile_v1
63,Thanlyin,Ku Lar Wea,MMR013023026,16.809328627893116,96.30566927735438,Thanlyin,0.1459152918237041,0.7003491856373343,1,0.5232067740404828,0.10810810810810811,3.647882295592604,9222.50358581543,0.4598415517925895,0.5728527129054409,0.0,5.0,42.982916,0,dashboard_rule_top_quartile_v1
64,Thanlyin,Say Lone Gyi,MMR013023027,16.717861274375743,96.33265698359054,Thanlyin,0.1515744832728909,0.5761582239074075,1,0.5663764100658112,0.13513513513513514,3.7893620818222735,1826.3091118335724,0.3885984052341947,0.6887663032341556,0.0,6.0,40.692513,0,dashboard_rule_top_quartile_v1
65,Thanlyin,Chaung Sauk,MMR013023028,16.726105462682945,96.34709041160733,Thanlyin,0.2219756959177906,0.5472876116530048,1,0.5757722272584637,0.16216216216216217,5.549392397944766,1253.198995232582,0.3777755329922772,0.6874571313206714,0.0,7.0,43.128426,0,dashboard_rule_top_quartile_v1
66,Thanlyin,Urban,MMR013023701,16.764031631169093,96.23788142046229,Thanlyin,0.0236606686596019,0.8545104438466763,0,0.4875662675849169,0.1891891891891892,0.5915167164900496,68808.91952371597,0.499567850606343,0.5853403959979431,0.0,8.0,29.924821,0,dashboard_rule_top_quartile_v1
67,Kyauktan,Kan Pyaung,MMR013024001,16.690965742534598,96.40198352278266,Kyauktan,0.3942347337992021,0.6294243735543866,1,0.6257376758414638,0.21621621621621623,9.855868344980053,3658.050160765648,0.3064991458098022,0.7582536681346954,0.0,9.0,53.151230,1,dashboard_rule_top_quartile_v1
68,Kyauktan,Pi La Khat,MMR013024002,16.65359833186366,96.38585908210491,Kyauktan,0.263795556388453,0.57594019508848,1,0.617974399405615,0.05405405405405406,6.594888909711326,1821.123001456261,0.3095446851980002,0.7927507878405645,0.0,3.0,44.469183,0,dashboard_rule_top_quartile_v1
69,Kyauktan,Kyon Kan,MMR013024003,16.660303416523597,96.44131768540429,Kyauktan,0.4991997071295418,0.6045745488935717,1,0.6626148805311716,0.16216216216216217,12.479992678238547,2645.5842809677124,0.2528528859510092,0.8164011094031374,0.0,7.0,56.225917,1,dashboard_rule_top_quartile_v1
70,Kyauktan,Wea Gyi,MMR013024004,16.638225105196838,96.4542947983398,Kyauktan,0.5409435140672995,0.5880377276037759,1,0.6759691628150724,0.10810810810810811,13.523587851682487,2132.367172598839,0.2311847061836248,0.8501589128589767,0.0,5.0,56.839046,1,dashboard_rule_top_quartile_v1
71,Kyauktan,Ywar Thit Gyi,MMR013024005,16.626919829828058,96.42739669816086,Kyauktan,0.427156152328808,0.549531053612307,1,0.6544239599551764,0.13513513513513514,10.6789038082202,1290.4193089008331,0.2568662142862432,0.8482650526767789,0.0,6.0,51.547152,1,dashboard_rule_top_quartile_v1
72,Kyauktan,Kyan Pin,MMR013024006,16.62758251404552,96.39599603252104,Kyauktan,0.2935609960234774,0.5786178187332193,1,0.6288891401960719,0.08108108108108109,7.339024900586935,1885.8464361429208,0.2902572664643775,0.8292812220613818,0.0,4.0,46.151206,1,dashboard_rule_top_quartile_v1
73,Kyauktan,Thaung Gyi,MMR013024007,16.64641407658381,96.34816902227412,Kyauktan,0.1040329288003029,0.64408360168903,1,0.5896054083146791,0.10810810810810811,2.6008232200075745,4428.5421776771545,0.3452708176524685,0.7794293112048176,0.0,5.0,40.453622,0,dashboard_rule_top_quartile_v1
74,Kyauktan,Kayin Chaung,MMR013024008,16.52968982639143,96.45003166096458,Kyauktan,0.6987874810052329,0.6152218906525009,1,0.6783749529180652,0.1891891891891892,17.469687025130824,3039.6306057572365,0.2053508444256588,0.9805121954674986,0.0,8.0,64.803201,1,dashboard_rule_top_quartile_v1
75,Kyauktan,Zwe Ka Nar,MMR013024009,16.530729229145955,96.46600868669964,Kyauktan,0.748236539380519,0.6273129180232534,1,0.6918865738633724,0.05405405405405406,18.705913484512976,3558.7110980153084,0.1879677699216502,0.9889388113548332,0.0,3.0,65.408442,1,dashboard_rule_top_quartile_v1
76,Kyauktan,Ah Se,MMR013024010,16.600864668974975,96.46215876276436,Kyauktan,0.5927830485961288,0.65687233028784,1,0.6854723972603504,0.10810810810810811,14.819576214903222,5232.109669804573,0.2112184771348089,0.8999459811670807,0.0,5.0,60.745872,1,dashboard_rule_top_quartile_v1
77,Kyauktan,Min Ga Lun,MMR013024011,16.532367757679737,96.48243288318156,Kyauktan,0.8005178759171548,0.63872789401987,1,0.7060590441907745,0.10810810810810811,20.01294689792887,4129.841239929199,0.1698994143493659,0.996843024081763,0.0,5.0,68.580307,1,dashboard_rule_top_quartile_v1
78,Kyauktan,Na Ywe Chaung,MMR013024012,16.529282776241338,96.503287917945,Kyauktan,0.8825014496468687,0.5888589597160686,1,0.7266265284833444,0.13513513513513514,22.06253624117172,2155.3281876444817,0.1451452606078301,1.0,0.0,6.0,71.018806,1,dashboard_rule_top_quartile_v1
79,Kyauktan,Sit Ta Pin,MMR013024013,16.589327049132255,96.55526763510817,Kyauktan,0.7810189868828019,0.5383520972493898,1,0.7702961822498704,0.16216216216216217,19.525474672070047,1115.2968648672104,0.0993740177940352,0.968239350834664,0.0,7.0,66.462445,1,dashboard_rule_top_quartile_v1
80,Kyauktan,Mya Kaing,MMR013024014,16.546757692830226,96.54907021505296,Kyauktan,0.9673152766181426,0.6087995193796758,1,0.768958201721284,0.08108108108108109,24.182881915453567,2795.4342260956764,0.0953432920926069,1.0,0.0,4.0,74.520845,1,dashboard_rule_top_quartile_v1
81,Kyauktan,Boe Ba,MMR013024015,16.53549669005154,96.52379370722512,Kyauktan,0.9447226683143012,0.5995814129547179,1,0.7457405578953378,0.10810810810810811,23.61806670785753,2478.807810485363,0.1226581671819556,1.0,0.0,5.0,73.546948,1,dashboard_rule_top_quartile_v1
82,Kyauktan,Tha Nat Pin Chin,MMR013024019,16.604319777576762,96.3149438676914,Kyauktan,0.1249462172578075,0.6105128331378469,1,0.5694653585356799,0.16216216216216217,3.123655431445189,2858.5929275751114,0.3637543237420508,0.8089564418905127,0.0,7.0,40.926131,0,dashboard_rule_top_quartile_v1
83,Kyauktan,Baw Ga Lut,MMR013024020,16.585900457481742,96.32082278678556,Kyauktan,0.2019454670500229,0.596325490311481,1,0.5751640250613639,0.05405405405405406,5.048636676250573,2375.7594343423843,0.3526169292390745,0.834077233902819,0.0,3.0,42.208489,0,dashboard_rule_top_quartile_v1
84,Kyauktan,Chaung Wa,MMR013024021,16.574328584992475,96.29376875686108,Kyauktan,0.282738304469301,0.613642249798887,1,0.5566621819913069,0.10810810810810811,7.0684576117325255,2977.659231901169,0.3748749918299595,0.831293833021517,0.0,5.0,46.365856,1,dashboard_rule_top_quartile_v1
85,Kyauktan,Kwa Hnee,MMR013024022,16.542919420290527,96.37418175732589,Kyauktan,0.4458982312593553,0.6262352857747049,1,0.6171115095488838,0.16216216216216217,11.147455781483885,3509.055141925812,0.2884799374433193,0.9178702908286316,0.0,7.0,54.309588,1,dashboard_rule_top_quartile_v1
86,Kyauktan,Zwe Bar Kone Tan,MMR013024023,16.519926260654252,96.36814592786251,Kyauktan,0.5286251794691489,0.6025837015683486,1,0.6129052851004173,0.08108108108108109,13.215629486728725,2577.7837149500847,0.2891459814951255,0.94213753752484,0.0,4.0,55.835577,1,dashboard_rule_top_quartile_v1
87,Kyauktan,Nyaung Waing,MMR013024024,16.6784487071541,96.32605827176393,Kyauktan,0.0781404089657079,0.6902611236268613,1,0.5684703494691992,0.13513513513513514,1.9535102241426987,8085.940443396568,0.3788919355497244,0.7298100354235669,0.0,6.0,40.813811,0,dashboard_rule_top_quartile_v1
88,Kyauktan,Yae Kyaw,MMR013024025,16.70371221826232,96.36197719814275,Kyauktan,0.2364456749219393,0.6283892668302218,1,0.5916291350977381,0.10810810810810811,5.911141873048485,3609.0091279149055,0.3531662738581101,0.7211968808191223,0.0,5.0,45.243171,1,dashboard_rule_top_quartile_v1
89,Kyauktan,Kyar Kan,MMR013024026,16.67360070280002,96.3693838312422,Kyauktan,0.2403750721134046,0.5568051956978147,1,0.6022983843590126,0.10810810810810811,6.009376802835115,1418.8696312308311,0.3337595447781458,0.7600400171970894,0.0,5.0,43.622295,0,dashboard_rule_top_quartile_v1
90,Kyauktan,Par Da Gyi,MMR013024027,16.66124722720984,96.34506084628786,Kyauktan,0.1260060541425688,0.6274563692737917,1,0.5853080441412571,0.13513513513513514,3.15015135356422,3565.373917818069,0.3536766159579003,0.7604455486301838,0.0,6.0,41.194844,0,dashboard_rule_top_quartile_v1
91,Kyauktan,U Yin,MMR013024028,16.602224254077704,96.41880068942508,Kyauktan,0.4142254105898278,0.5933096704003527,1,0.6493478996066895,0.08108108108108109,10.355635264745697,2284.1342841386795,0.2584872674859775,0.8729194868681973,0.0,4.0,51.434025,1,dashboard_rule_top_quartile_v1
92,Kyauktan,Shwe Pyauk,MMR013024029,16.630847485207273,96.28166577984692,Kyauktan,0.0591977203257498,0.7980174023802639,1,0.543182423210317,0.10810810810810811,1.479943008143746,32946.78794300556,0.403574102386769,0.7585305984061957,0.0,5.0,42.311187,0,dashboard_rule_top_quartile_v1
93,Kyauktan,Pan Taw,MMR013024030,16.606834273442402,96.3595317348245,Kyauktan,0.1824690649454292,0.6867452309309275,1,0.60233715684032,0.16216216216216217,4.561726623635732,7723.665385127068,0.3209300906872742,0.8324817738366465,0.0,7.0,45.451538,1,dashboard_rule_top_quartile_v1
94,Kyauktan,Ywar Thit Ka Lay,MMR013024031,16.58440533156873,96.40507778838013,Kyauktan,0.3976682510191003,0.6548600818666661,1,0.639466237161698,0.0,9.941706275477507,5096.624814867973,0.2677514868502579,0.8862999934372183,0.0,1.0,51.248292,1,dashboard_rule_top_quartile_v1
95,Kyauktan,Mee Pya,MMR013024032,16.55455816493147,96.33313599900151,Kyauktan,0.3429635098602796,0.6596458243558961,1,0.5858492710496591,0.10810810810810811,8.57408774650699,5424.770927906036,0.3321683274657507,0.8787176706963521,0.0,5.0,50.176389,1,dashboard_rule_top_quartile_v1
96,Kyauktan,Ka Mar Ka Loke,MMR013024033,16.53268966561608,96.41539690023248,Kyauktan,0.5845040556775534,0.6588896416188865,1,0.649837477820072,0.10810810810810811,14.612601391938831,5371.550013780594,0.2433154379515627,0.9556293328073312,0.0,5.0,60.164668,1,dashboard_rule_top_quartile_v1
97,Kyauktan,Kha Naung,MMR013024034,16.595838278364987,96.51039633268913,Kyauktan,0.7540069357817341,0.6561920519655402,1,0.7283741126932636,0.1891891891891892,18.85017339454335,5185.908272624016,0.1547055633735365,0.934174389594869,0.0,8.0,68.467524,1,dashboard_rule_top_quartile_v1
98,Kyauktan,Sin Ma Kaw,MMR013024035,16.634210668999973,96.50421719597936,Kyauktan,0.590554732608892,0.5737736906536599,1,0.7201432997786158,0.10810810810810811,14.7638683152223,1770.382830262184,0.1733421915732049,0.8834389158944003,0.0,5.0,58.792372,1,dashboard_rule_top_quartile_v1
99,Kyauktan,Pan Chaung,MMR013024036,16.64094611992227,96.474423152033,Kyauktan,0.6032665369175978,0.5577513957711567,1,0.6930978623460895,0.10810810810810811,15.081663422939943,1436.491234540939,0.2095879820251394,0.8583490195502793,0.0,5.0,58.636640,1,dashboard_rule_top_quartile_v1
100,Kyauktan,Tar Pat,MMR013024037,16.653490003806127,96.5103851015935,Kyauktan,0.5011842253724412,0.5800520760760955,1,0.7239144925258505,0.08108108108108109,12.52960563431103,1921.4556761980057,0.1724337456933755,0.8634454908985352,0.0,4.0,55.139316,1,dashboard_rule_top_quartile_v1
101,Kyauktan,Ka Dat Pa Na,MMR013024038,16.679922874729552,96.53799421614733,Kyauktan,0.373320283446426,0.5930410324886229,1,0.746273520404661,0.05405405405405406,9.33300708616065,2276.146033525467,0.1490884423217303,0.8466753574791214,0.0,3.0,50.316687,1,dashboard_rule_top_quartile_v1
102,Kyauktan,Win Gyi,MMR013024039,16.670567202946074,96.57948895988416,Kyauktan,0.4568578719262772,0.6317817093590887,1,0.7865622614960204,0.10810810810810811,11.42144679815693,3772.236082851887,0.0956691899186993,0.880792847153901,0.0,5.0,55.651565,1,dashboard_rule_top_quartile_v1
103,Kyauktan,Sit Tan,MMR013024040,16.64342084853616,96.5885620106706,Kyauktan,0.5828840465421928,0.5990471580568044,1,0.7980519157406052,0.13513513513513514,14.57210116355482,2461.5975289940834,0.0753449464335667,0.9193658652724208,0.0,6.0,60.181516,1,dashboard_rule_top_quartile_v1
104,Kyauktan,Poke Ta Loke,MMR013024041,16.639589456240568,96.63097471358132,Kyauktan,0.6886496765926637,0.6066704844208973,1,0.8396283701938951,0.10810810810810811,17.216241914816592,2718.890847980976,0.0214554630606982,0.947563241363409,0.0,5.0,64.528048,1,dashboard_rule_top_quartile_v1
105,Kyauktan,Ma Yan Bay,MMR013024042,16.65461383655088,96.65195654109183,Kyauktan,0.6973909198807692,0.6070501933821589,1,0.858989467363342,0.10810810810810811,17.43477299701923,2732.3870149850845,0.0,0.94007021757772,0.0,5.0,65.048360,1,dashboard_rule_top_quartile_v1
106,Kyauktan,Shan Chaung,MMR013024043,16.546426248877037,96.58422419425696,Kyauktan,0.9897708370746544,0.5929753985162297,1,0.8053550239831767,0.13513513513513514,24.74427092686636,2274.198582023382,0.0525235011962627,1.0,0.0,6.0,76.008284,1,dashboard_rule_top_quartile_v1
107,Kyauktan,Tu Myaung,MMR013024044,16.60848298479104,96.57248322775186,Kyauktan,0.7095136754624547,0.5931726236484056,1,0.7854376266094326,0.10810810810810811,17.737841886561366,2280.0555495023727,0.0840699600630043,0.954019382246758,0.0,5.0,64.521123,1,dashboard_rule_top_quartile_v1
108,Kyauktan,Ta Man Gyi Kone,MMR013024045,16.598866625149565,96.62039544506814,Kyauktan,0.8198498126608935,0.6189298778617951,1,0.8322074674646084,0.16216216216216217,20.496245316522337,3190.212604522705,0.0221120759900107,0.9933151196258831,0.0,7.0,70.622300,1,dashboard_rule_top_quartile_v1
109,Kyauktan,Aung Chan Thar,MMR013024046,16.561909324174675,96.61509129132249,Kyauktan,0.9614124217101396,0.5951972258868418,1,0.8343662069772494,0.16216216216216217,24.035310542753493,2341.058660596609,0.0183926976738242,1.0,0.0,7.0,75.561365,1,dashboard_rule_top_quartile_v1
110,Kyauktan,Ku Lar Tan,MMR013024047,16.494773702907377,96.42047990003884,Kyauktan,0.7315657159549983,0.6128530416315852,1,0.6550702521619016,0.13513513513513514,18.28914289887496,2947.172337770462,0.2293291151036451,1.0,0.0,6.0,65.116329,1,dashboard_rule_top_quartile_v1
111,Kyauktan,Zee Hpyu Pin,MMR013024049,16.6795138166087,96.5134130802942,Kyauktan,0.3854017745959167,0.5434488906838026,1,0.7236850580096243,0.05405405405405406,9.63504436489792,1191.9829800128937,0.1779594171507713,0.8336629160814673,0.0,3.0,49.299311,1,dashboard_rule_top_quartile_v1
112,Kyauktan,Urban,MMR013024701,16.636457032911988,96.31353202497972,Kyauktan,0.0477254491715792,0.7601948646502003,0,0.5651200196937012,0.13513513513513514,1.1931362292894825,20122.385135889053,0.3755995782065096,0.7708022588717709,0.0,6.0,28.375407,0,dashboard_rule_top_quartile_v1
113,Kyauktan,Urban,MMR013024702,16.638895804180578,96.54087901326636,Kyauktan,0.5561698609657533,0.7163833830129376,0,0.7533400470127773,0.16216216216216217,13.904246524143833,11366.645727276802,0.1316503062698472,0.8983812843856838,0.0,7.0,49.117372,1,dashboard_rule_top_quartile_v1
114,Insein,Urban,MMR013001701,16.90282377,96.10389661,Insein,0.0168378484817512,0.9857495626315124,0,0.1636494023278561,0.4594594594594595,0.4209462120437818,380746.2488117218,0.8438962275839595,0.7935920281718544,0.0,18.0,33.790066,0,dashboard_rule_top_quartile_v1
115,Mingaladon,Nwe Khway,MMR013002001,17.03518073,96.15242822,Mingaladon,0.0074195109932224,0.7448241820231774,1,0.0970667596733579,0.1891891891891892,0.1854877748305622,16468.59024810791,0.9433597616101812,0.6738496197199203,0.0,8.0,36.075747,0,dashboard_rule_top_quartile_v1
116,Mingaladon,Kone Ta La Paung,MMR013002002,17.01144624,96.15179207,Mingaladon,0.0125066209596904,0.7094614346050309,1,0.1221107427516061,0.35135135135135137,0.312665523992262,10385.834555625916,0.9088126556587584,0.7026566662563285,0.0,14.0,37.685234,0,dashboard_rule_top_quartile_v1
117,Mingaladon,Shwe Nant Thar,MMR013002003,16.98417621,96.16322717,Mingaladon,0.0186277807027648,0.8182464546281694,1,0.1620291723167649,0.16216216216216217,0.4656945175691206,42888.329592227936,0.8547157264655125,0.7430830679169963,0.0,7.0,38.642059,0,dashboard_rule_top_quartile_v1
118,Mingaladon,Pyin Ma Pin,MMR013002004,16.99531331,96.13725306,Mingaladon,0.0051590552491844,0.8077923594296123,1,0.1170064861637891,0.7297297297297297,0.1289763812296108,37424.3054151535,0.9139041187625954,0.7078334192533654,0.0,28.0,44.853860,0,dashboard_rule_top_quartile_v1
119,Mingaladon,Thin Gan Kyun Gyi,MMR013002005,16.95428284,96.16176311,Mingaladon,0.0217843086427502,0.8130320866562986,1,0.1875664790563429,0.16216216216216217,0.5446077160687557,40069.89925575256,0.8191856605691236,0.7741713963993468,0.0,7.0,38.851612,0,dashboard_rule_top_quartile_v1
120,Mingaladon,Urban,MMR013002701,17.00762585,96.11312766,Mingaladon,0.0183146409811975,0.756283219435056,0,0.0864317367830934,0.43243243243243246,0.4578660245299376,19121.998517513275,0.9540104166518736,0.6843960604187602,0.0,17.0,26.837791,0,dashboard_rule_top_quartile_v1
121,Mingaladon,Urban,MMR013002702,17.05639172,96.13250221,Mingaladon,0.0220203636014907,0.8724723709790034,0,0.0544951390285749,0.2972972972972973,0.5505090900372683,86962.92659306526,1.0,0.6366990731428341,0.0,12.0,27.973477,0,dashboard_rule_top_quartile_v1
122,Shwepyithar,Oke Hpo,MMR013007001,16.97570696,96.10166149,Shwepyithar,0.0345458341794241,0.7984690218176316,1,0.0961721201738962,0.40540540540540543,0.8636458544856034,33141.328764915466,0.9381271323357102,0.7094654489383339,0.0,16.0,41.349074,0,dashboard_rule_top_quartile_v1
123,Shwepyithar,Zee Kone,MMR013007002,16.95102978,96.10566202,Shwepyithar,0.0205099116662372,0.7602216920083363,1,0.123124911534193,0.32432432432432434,0.5127477916559302,20129.42375946045,0.9011493283808322,0.7393210622806644,0.0,13.0,38.978879,0,dashboard_rule_top_quartile_v1
124,Shwepyithar,Kyaung Kone,MMR013007003,17.0081661,96.09542774,Shwepyithar,0.0607319168169911,0.743780574736303,1,0.0513423139781237,0.3783783783783784,1.518297920424779,16246.053363084791,1.0,0.6577179068125089,0.0,15.0,40.204741,0,dashboard_rule_top_quartile_v1
125,Shwepyithar,Hlaw Kar,MMR013007004,17.01200933,96.08271571,Shwepyithar,0.0049406448594548,0.7559928422742992,1,0.0513423139781237,0.24324324324324326,0.1235161214863703,19049.749890327454,1.0,0.6577179068125089,0.0,10.0,36.577553,0,dashboard_rule_top_quartile_v1
126,Shwepyithar,Urban,MMR013007701,16.97406606,96.06793457,Shwepyithar,0.0060557373306215,0.974824801918248,0,0.0720095544012351,0.10810810810810811,0.151393433265538,330207.52746629715,0.969449579526654,0.6930553533407269,0.0,5.0,27.703452,0,dashboard_rule_top_quartile_v1
127,Thingangyun,Urban,MMR013009701,16.82975272,96.19534226,Thingangyun,0.0052074868325272,0.9569886784860032,0,0.3150165588433909,0.2702702702702703,0.1301871708131813,261704.23359298703,0.6390713557896037,0.9451519249029724,0.0,11.0,31.433232,0,dashboard_rule_top_quartile_v1
128,Yankin,Urban,MMR013010701,16.83733177,96.16409074,Yankin,0.0005352318425108,0.8759418330588629,0,0.2765126303709321,0.40540540540540543,0.0133807960627707,90986.3154296875,0.6893902131014732,0.916704589952105,0.0,16.0,30.563955,0,dashboard_rule_top_quartile_v1
129,South Okkalapa,Urban,MMR013011701,16.84936123,96.18315896,South Okkalapa,0.0039544396477591,0.9301556257545296,0,0.2886676378630429,0.2702702702702703,0.0988609911939776,184458.9551010132,0.6755034782270463,0.9143627042931184,0.0,11.0,30.455086,0,dashboard_rule_top_quartile_v1
130,North Okkalapa,Urban,MMR013012701,16.91598129,96.15940276,North Okkalapa,0.0089058756537092,0.9913699720667644,0,0.2143679805917616,0.24324324324324326,0.2226468913427304,409689.28976488113,0.7800718023181356,0.8171399162521545,0.0,10.0,31.247123,0,dashboard_rule_top_quartile_v1
131,Thaketa,Urban,MMR013013701,16.79600134,96.21187724,Thaketa,0.0140764508093439,0.9589113485851536,0,0.3543997728846697,0.21621621621621623,0.3519112702335995,268346.30924606323,0.5835425890935522,0.997260175905406,0.0,9.0,31.467845,0,dashboard_rule_top_quartile_v1
132,Dawbon,Urban,MMR013014701,16.79077459,96.19083645,Dawbon,0.0076138215716354,0.8735979403904808,0,0.3347936284720982,0.13513513513513514,0.1903455392908856,88248.31468200684,0.6075178605776297,0.992107933579443,0.0,6.0,27.761325,0,dashboard_rule_top_quartile_v1
133,Tamwe,Urban,MMR013015701,16.80945538,96.17881381,Tamwe,0.0019167688929012,0.9351614798537712,0,0.3100985118855404,0.24324324324324326,0.0479192223225324,196897.22690582275,0.6420747717227053,0.9609195476677344,0.0,10.0,30.339768,0,dashboard_rule_top_quartile_v1
134,Pazundaung,Urban,MMR013016701,16.77798594,96.17457491,Pazundaung,0.001272891201106,0.8441027941754825,0,0.3242379906062338,0.2702702702702703,0.0318222800276511,60079.02268218994,0.6187945837756839,0.9985774212295662,0.0,11.0,28.414607,0,dashboard_rule_top_quartile_v1
135,Botahtaung,Urban,MMR013017701,16.77308675,96.17399623,Botahtaung,0.0023563683004236,0.8320728546027031,0,0.326529335317217,0.24324324324324326,0.0589092075105902,51358.978723526,0.615847840803274,1.0,0.0,10.0,27.810578,0,dashboard_rule_top_quartile_v1
136,Dagon Myothit (South),Urban,MMR013018701,16.91666975,96.27398777,Dagon Myothit (South),0.0314383882171714,1.0,0,0.3411601912077652,0.21621621621621623,0.7859597054292853,458471.1501914263,0.6203813245136505,0.8767712197042125,0.0,9.0,33.103976,0,dashboard_rule_top_quartile_v1
137,Dagon Myothit (North),Urban,MMR013019701,16.88624791,96.17984169,Dagon Myothit (North),0.0035961574021644,0.953411581327932,0,0.2575173819987195,0.10810810810810811,0.0899039350541107,249781.11652183533,0.7208523801217355,0.8650539659853692,0.0,5.0,28.661713,0,dashboard_rule_top_quartile_v1
138,Dagon Myothit (East),Shan Te Gyi (East),MMR013020001,17.00595459,96.28308528,Dagon Myothit (East),0.0739189208349288,0.6348602543748951,1,0.3116724298722103,0.10810810810810811,1.84797302087322,3926.738680362701,0.6693640295049638,0.7957876336571368,0.0,5.0,36.617830,0,dashboard_rule_top_quartile_v1
139,Dagon Myothit (East),Ma Lit (East),MMR013020002,16.98255548,96.2742799,Dagon Myothit (East),0.0864997732807729,0.6594264056823325,1,0.2980059575312902,0.13513513513513514,2.162494332019324,5409.27395260334,0.6809464749663434,0.8212635916487856,0.0,6.0,37.984668,0,dashboard_rule_top_quartile_v1
140,Dagon Myothit (East),Lay Daunt Kan (East),MMR013020003,16.98305622,96.29582444,Dagon Myothit (East),0.0262608696940456,0.5815417403206323,1,0.331905826716662,0.21621621621621623,0.6565217423511409,1959.152185201645,0.6405038965241994,0.8244390749184569,0.0,9.0,34.948081,0,dashboard_rule_top_quartile_v1
141,Dagon Myothit (East),Urban,MMR013020701,16.92230152,96.22858784,Dagon Myothit (East),0.0622419337675901,0.933015351390866,0,0.2815630772108642,0.16216216216216217,1.5560483441897537,191465.10406780243,0.6973480315784525,0.8379406396496739,0.0,7.0,31.338618,0,dashboard_rule_top_quartile_v1
142,Dagon Myothit (Seikkan),Urban,MMR013021701,16.87822373,96.29035613,Dagon Myothit (Seikkan),0.058829949096488,0.9398837898279854,0,0.3880524416596382,0.1891891891891892,1.4707487274122022,209398.80838489527,0.5526454232969363,0.947992990253106,0.0,8.0,32.662803,0,dashboard_rule_top_quartile_v1
143,Dagon Myothit (Seikkan),Urban (unnamed),MMR013021800,16.80561843,96.25601972,Dagon Myothit (Seikkan),0.0428559059561075,0.4676432117756451,0,0.4089240521874754,0.13513513513513514,1.071397648902688,443.0936622619629,0.5189128797794407,1.0,0.0,6.0,19.194852,0,dashboard_rule_top_quartile_v1
144,Mingalartaungnyunt,Urban,MMR013022701,16.793927,96.18401195,Mingalartaungnyunt,0.0038295670986444,0.9205540887064442,0,0.3258256582374262,0.1891891891891892,0.0957391774661109,162757.9174041748,0.6192521960226304,0.9853998342889194,0.0,8.0,29.465259,0,dashboard_rule_top_quartile_v1
145,Dala,Rakhine Chaung (South),MMR013030001,16.64610237,96.16728029,Dala,0.1453088732021838,0.6087253376286305,1,0.3667316660397358,0.16216216216216217,3.632721830054596,2792.73135972023,0.5685509811297226,1.0,0.0,7.0,39.913399,0,dashboard_rule_top_quartile_v1
146,Dala,Rakhine Chaung (North),MMR013030002,16.6502219,96.1935247,Dala,0.258629172296804,0.6093402880374764,1,0.3667316660397358,0.16216216216216217,6.4657293074201,2815.216700077057,0.5685509811297226,1.0,0.0,7.0,44.363713,0,dashboard_rule_top_quartile_v1
147,Dala,Da Noke San Pya,MMR013030003,16.6109387,96.21245842,Dala,0.2628228386185898,0.7005020954078337,1,0.5198281444998926,0.1891891891891892,6.5705709654647455,9240.906937122343,0.38843747705895,1.0,0.0,8.0,48.589748,1,dashboard_rule_top_quartile_v1
148,Dala,Nyaung Chaung,MMR013030004,16.63847928,96.20521698,Dala,0.2391661595454707,0.6874213684989487,1,0.4880947077164238,0.13513513513513514,5.979153988636769,7792.050709962845,0.4257709320983249,1.0,0.0,6.0,46.341819,1,dashboard_rule_top_quartile_v1
149,Dala,Tone Tin Gan (South),MMR013030005,16.65595629,96.22027715,Dala,0.1455643175889544,0.6720141537233181,1,0.4880947077164238,0.16216216216216217,3.63910793972386,6374.033004999161,0.4257709320983249,1.0,0.0,7.0,42.629738,0,dashboard_rule_top_quartile_v1
150,Dala,Tone Tin Gan (North),MMR013030006,16.67363072,96.18836785,Dala,0.2236821888582607,0.6612580723370899,1,0.4551890701699145,0.16216216216216217,5.592054721456519,5540.009498119354,0.4644834468589242,1.0,0.0,7.0,45.119795,0,dashboard_rule_top_quartile_v1
151,Dala,Boe Hpyu Chaung,MMR013030007,16.61554359,96.17962644,Dala,0.2273758061562077,0.6106421971830593,1,0.3667316660397358,0.10810810810810811,5.684395153905194,2863.419256210327,0.5685509811297226,1.0,0.0,5.0,42.469666,0,dashboard_rule_top_quartile_v1
152,Dala,Kha Naung (Ywar Ma),MMR013030008,16.69111749,96.19147367,Dala,0.1933014129497899,0.6580659581164423,1,0.4551890701699145,0.08108108108108109,4.832535323744748,5314.17217206955,0.4644834468589242,1.0,0.0,4.0,42.790130,0,dashboard_rule_top_quartile_v1
153,Dala,Kha Naung (Upper),MMR013030009,16.69588196,96.16521653,Dala,0.1641648465844403,0.6175516096797582,1,0.3352372987362094,0.10810810810810811,4.1041211646110085,3133.389264345169,0.6056031779574006,1.0,0.0,5.0,39.902575,0,dashboard_rule_top_quartile_v1
154,Dala,Kha Naung (Shan Su),MMR013030010,16.71819507,96.18742907,Dala,0.1499437059029208,0.62953411647909,1,0.3352372987362094,0.13513513513513514,3.748592647573021,3663.2884373664856,0.6056031779574006,1.0,0.0,6.0,40.011209,0,dashboard_rule_top_quartile_v1
155,Dala,Ta Dar Chaung,MMR013030011,16.74016509,96.17469536,Dala,0.092017744490436,0.7190332986049764,1,0.3352372987362094,0.16216216216216217,2.3004436122609024,11766.183658123016,0.6056031779574006,1.0,0.0,7.0,40.431829,0,dashboard_rule_top_quartile_v1
156,Dala,Ye Chaung,MMR013030012,16.72090599,96.16314077,Dala,0.0582693152929442,0.6576691444705821,1,0.3352372987362094,0.05405405405405406,1.456732882323605,5286.749231100082,0.6056031779574006,1.0,0.0,3.0,36.100328,0,dashboard_rule_top_quartile_v1
157,Dala,Tha Pyay Kone,MMR013030013,16.74141162,96.14077078,Dala,0.0752488374781645,0.7436520799667594,1,0.3352372987362094,0.08108108108108109,1.8812209369541133,16218.862109184263,0.6056031779574006,1.0,0.0,4.0,39.360304,0,dashboard_rule_top_quartile_v1
158,Dala,Nyaung Ngoke To,MMR013030014,16.73008088,96.12517837,Dala,0.1275296077150581,0.6991329132994605,1,0.3352372987362094,0.0,3.1882401928764543,9077.41899061203,0.6056031779574006,1.0,0.0,1.0,39.187124,0,dashboard_rule_top_quartile_v1
159,Dala,Htaw (Lower),MMR013030015,16.72872465,96.09364707,Dala,0.1548825762262939,0.6226519366848823,1,0.2497823400881058,0.08108108108108109,3.872064405657348,3348.8663363456726,0.7064546348792263,0.998208135097012,0.0,4.0,38.576794,0,dashboard_rule_top_quartile_v1
160,Dala,Ye Chaung Wa,MMR013030016,16.70734175,96.14136593,Dala,0.1222777832602775,0.6357303000571916,1,0.3352372987362094,0.16216216216216217,3.0569445815069387,3971.539155721664,0.6056031779574006,1.0,0.0,7.0,39.442795,0,dashboard_rule_top_quartile_v1
161,Dala,Pyawbwe Gyi,MMR013030017,16.68521511,96.13418763,Dala,0.1952779519562507,0.6530815416316182,1,0.3667316660397358,0.10810810810810811,4.881948798906269,4979.798761606216,0.5685509811297226,1.0,0.0,5.0,42.320776,0,dashboard_rule_top_quartile_v1
162,Dala,Shwe Hlay Chaung,MMR013030018,16.66704433,96.15260603,Dala,0.1403212709370194,0.6750888742971229,1,0.3667316660397358,0.10810810810810811,3.508031773425485,6634.740484714508,0.5685509811297226,1.0,0.0,5.0,40.744401,0,dashboard_rule_top_quartile_v1
163,Dala,Nyaung Pin,MMR013030019,16.6291164,96.14536142,Dala,0.0740104312378507,0.6118490558237009,1,0.3667316660397358,0.02702702702702703,1.8502607809462683,2908.8391926288605,0.5685509811297226,1.0,0.0,2.0,35.442316,0,dashboard_rule_top_quartile_v1
164,Dala,Kywe Lu Aing,MMR013030020,16.62360188,96.1178349,Dala,0.103404069932071,0.6020440849406068,1,0.3667316660397358,0.08108108108108109,2.585101748301777,2559.7075406312943,0.5685509811297226,1.0,0.0,4.0,37.041773,0,dashboard_rule_top_quartile_v1
165,Dala,Than Ban Chaung,MMR013030021,16.66062288,96.11364426,Dala,0.1207067998254722,0.6304715742122171,1,0.3667316660397358,0.13513513513513514,3.017669995636806,3708.3421436548233,0.5685509811297226,1.0,0.0,6.0,39.165476,0,dashboard_rule_top_quartile_v1
166,Dala,Htu Gyi,MMR013030022,16.7062626,96.10758375,Dala,0.2091140738081334,0.7377903212316919,1,0.2497823400881058,0.13513513513513514,5.227851845203336,15025.640870571136,0.7064546348792263,0.998208135097012,0.0,6.0,44.407559,0,dashboard_rule_top_quartile_v1
167,Dala,Tha Yaw Tan,MMR013030023,16.6610959,96.08419836,Dala,0.2279640250601684,0.6191529661744007,1,0.3667316660397358,0.10810810810810811,5.699100626504212,3199.506484270096,0.5685509811297226,1.0,0.0,5.0,42.714703,0,dashboard_rule_top_quartile_v1
168,Dala,Urban,MMR013030701,16.75130616,96.15496245,Dala,0.03106531824715,0.8582671115299555,0,0.3142602823947392,0.13513513513513514,0.7766329561787508,72262.45491790771,0.6302820207120715,1.0,0.0,6.0,28.100507,0,dashboard_rule_top_quartile_v1
169,Seikgyikanaungto,Urban,MMR013031701,16.76649676,96.11040694,Seikgyikanaungto,0.0784067756378641,0.8158800097548238,0,0.2735450535549527,0.05405405405405406,1.960169390946604,41585.47145652771,0.6844453046673838,0.9645095831851402,0.0,3.0,27.435623,0,dashboard_rule_top_quartile_v1
170,Kyauktada,Urban,MMR013033701,16.7743332,96.16131697,Kyauktada,0.0012180369044373,0.8138780398542991,0,0.3123522884643488,0.4864864864864865,0.0304509226109328,40514.22868728638,0.6335115191331836,0.994419468482968,0.0,19.0,30.340846,0,dashboard_rule_top_quartile_v1
171,Pabedan,Urban,MMR013034701,16.77548142,96.15572775,Pabedan,0.0002898984078698,0.7995352927412258,0,0.3060187732826407,0.4864864864864865,0.0072474601967466,33605.208267211914,0.64191579858162,0.989018652819883,0.0,19.0,29.875295,0,dashboard_rule_top_quartile_v1
172,Lanmadaw,Urban,MMR013035701,16.7761608,96.14191474,Lanmadaw,0.0029382224666063,0.8439481195078617,0,0.291580701663628,0.3783783783783784,0.0734555616651582,59958.0062417984,0.6608221238672048,0.9781366203283192,0.0,15.0,29.601866,0,dashboard_rule_top_quartile_v1
173,Latha,Urban,MMR013036701,16.77616556,96.15051864,Latha,0.0014137288966192,0.8020269373627957,0,0.3002732605432994,0.35135135135135137,0.0353432224154807,34714.665451049805,0.6495104342300366,0.9842858024077964,0.0,14.0,28.171677,0,dashboard_rule_top_quartile_v1
174,Ahlone,Urban,MMR013037701,16.7855142,96.12699724,Ahlone,0.0040488620744824,0.8493781415531859,0,0.2713372925491735,0.1891891891891892,0.1012215518620604,64355.95393753052,0.6885445473830863,0.9559989478346876,0.0,8.0,27.143264,0,dashboard_rule_top_quartile_v1
175,Kyeemyindaing,Urban,MMR013038701,16.80646533,96.0925976,Kyeemyindaing,0.1215466614301346,0.9110986999182552,0,0.2478078600630537,0.05405405405405406,3.038666535753365,143883.7867217064,0.7230650087976899,0.9172458830593992,0.0,3.0,31.383870,0,dashboard_rule_top_quartile_v1
176,Sanchaung,Urban,MMR013039701,16.80699137,96.13353216,Sanchaung,0.001166841587797,0.8979336266520769,0,0.2654389254531781,0.5945945945945946,0.0291710396949255,121193.60218811037,0.6992300083356887,0.9347704497432432,0.0,23.0,33.533761,0,dashboard_rule_top_quartile_v1
177,Hlaing,Urban,MMR013040701,16.84693303,96.12088316,Hlaing,0.0024214224595999,0.9344949117113428,0,0.2269494251355215,0.24324324324324326,0.0605355614899995,195193.75979995728,0.7546170823198572,0.8775070326173319,0.0,10.0,29.619091,0,dashboard_rule_top_quartile_v1
178,Kamaryut,Urban,MMR013041701,16.82329337,96.13152672,Kamaryut,0.000805612760897,0.8855757882548649,0,0.2527488065808938,0.6216216216216216,0.0201403190224274,103161.45930862428,0.717976944693366,0.9131386028649668,0.0,24.0,33.439425,0,dashboard_rule_top_quartile_v1
179,Mingaladon,Urban,MMR013042701,16.93492511,96.13985731,Mingaladon,0.0057893476500643,0.928080154379893,0,0.1749752807885795,0.21621621621621623,0.144733691251608,179535.27308034897,0.8328678368001342,0.7805803862087101,0.0,9.0,28.779062,0,dashboard_rule_top_quartile_v1
180,Mayangone,Urban,MMR013042701,16.85931953,96.15344248,Mayangone,0.0018239175218694,0.9496127937382128,0,0.249867063668947,1.0,0.0455979380467355,237713.2495422364,0.726779724723519,0.8824678021070788,0.0,38.0,40.060114,0,dashboard_rule_top_quartile_v1
181,Dagon,Urban,MMR013043701,16.79300305,96.14449028,Dagon,0.0018043158100545,0.7956736771427676,0,0.2846660436473137,0.8378378378378378,0.0451078952513629,31955.389070510864,0.6723005352277602,0.9591900093939342,0.0,32.0,34.230985,0,dashboard_rule_top_quartile_v1
182,Bahan,Urban,MMR013044701,16.81105267,96.15700645,Bahan,0.0042132179816842,0.8971116416339284,0,0.28505320311292,0.918918918918919,0.1053304495421052,119901.92094802856,0.6745183009826462,0.9440416070122052,0.0,35.0,38.032400,0,dashboard_rule_top_quartile_v1
183,Hlaingtharya (East),Shwe Lin Ban,MMR013046001,16.90133487,96.0646035,Hlaingtharya (East),0.0114627828625393,0.8165146372191302,1,0.1331482608316618,0.05405405405405406,0.2865695715634848,41930.93437576294,0.8830778949723599,0.7749035229455488,0.0,3.0,36.655268,0,dashboard_rule_top_quartile_v1
184,Hlaingtharya (East),Ka Sin,MMR013046002,16.9011134,96.07938109,Hlaingtharya (East),0.0271031666321715,0.748681678380098,1,0.1392166051295149,0.08108108108108109,0.6775791658042891,17317.939235687256,0.8751818091920968,0.7791923803813523,0.0,4.0,35.903022,0,dashboard_rule_top_quartile_v1
185,Hlaingtharya (East),Shan Chaung,MMR013046003,16.85309548,96.09495351,Hlaingtharya (East),0.0097824548909234,0.6563025669564826,1,0.1951190963934342,0.16216216216216217,0.2445613722730866,5193.386100769043,0.7969437242142714,0.8498582534962341,0.0,7.0,34.359053,0,dashboard_rule_top_quartile_v1
186,Hlaingtharya (East),Yae Oke Kan,MMR013046004,16.85632028,96.06057978,Hlaingtharya (East),0.0149818593537059,0.8741445266652724,1,0.1640379066854046,0.1891891891891892,0.3745464838426476,88879.34617233276,0.8379570915545501,0.8246571032881851,0.0,8.0,40.327597,0,dashboard_rule_top_quartile_v1
187,Hlaingtharya (East),Nyaung,MMR013046005,16.84263279,96.08609244,Hlaingtharya (East),0.0067010608721325,0.8940531593530767,1,0.195528423736024,0.10810810810810811,0.1675265218033134,115215.51576042175,0.7950439211498512,0.857894955244016,0.0,5.0,39.739173,0,dashboard_rule_top_quartile_v1
188,Hlaingtharya (East),Urban,MMR013046701,16.87528089,96.07050431,Hlaingtharya (East),0.0060310403780814,0.9454443857147998,0,0.1604973724825663,0.2702702702702703,0.1507760094520362,225141.01750183103,0.8443217074037601,0.8121945081615842,0.0,11.0,29.820658,0,dashboard_rule_top_quartile_v1
189,Hlaingtharya (West),Ah Lel,MMR013047001,16.91741551,96.06587088,Hlaingtharya (West),0.0048726714516863,0.8580803609225062,1,0.1192821713970355,0.10810810810810811,0.1218167862921591,72086.74953079224,0.9026878403825692,0.756221095185204,0.0,5.0,38.066195,0,dashboard_rule_top_quartile_v1
190,Hlaingtharya (West),Ku Lar Gyi Su,MMR013047002,16.89064471,96.02314735,Hlaingtharya (West),0.0459100692015875,0.801861778480323,1,0.1054794412435573,0.0,1.147751730039689,34640.004613399506,0.9188736864118804,0.7565195020422955,0.0,1.0,36.675305,0,dashboard_rule_top_quartile_v1
191,Hlaingtharya (West),Ah Twin Pa Dan,MMR013047003,16.87420464,96.01734258,Hlaingtharya (West),0.0253562835117642,0.8164826871204702,1,0.1123697415820571,0.0,0.6339070877941068,41913.47376155853,0.9080106688968016,0.7721412657044099,0.0,1.0,36.312357,0,dashboard_rule_top_quartile_v1
192,Hlaingtharya (West),Ah Pyin Pa Dan,MMR013047004,16.85950145,96.01914295,Hlaingtharya (West),0.0308281218374418,0.7522837168182993,1,0.1326101406429853,0.02702702702702703,0.7707030459360465,18150.54327392578,0.8786348675464325,0.8036681462836474,0.0,2.0,35.380247,0,dashboard_rule_top_quartile_v1
193,Hlaingtharya (West),Urban,MMR013047701,16.89266051,96.05018514,Hlaingtharya (West),0.0266315455737314,0.9186074848369716,0,0.1205491217052275,0.16216216216216217,0.6657886393432869,158679.8282880783,0.8988681633070815,0.7694195965583546,0.0,7.0,28.169189,0,dashboard_rule_top_quartile_v1
